ID,Target
ID00qprY_boil,0.007938173599541187
ID00qprY_pan,0.9920618534088135
ID01AciUc_boil,0.007938219234347343
ID01AciUc_pan,0.9920618534088135
ID0328D_boil,0.007938184775412083
ID0328D_pan,0.9920618534088135
ID05WxObCFTs9_boil,0.00793824065476656
ID05WxObCFTs9_pan,0.9920617341995239
ID06AdCmLMlkO_boil,1.0
ID06AdCmLMlkO_pan,1.2903739410319304e-08
ID0BTVyh4_boil,0.007938256487250328
ID0BTVyh4_pan,0.9920617341995239
ID0FBDllOkNS3A_boil,0.007938211783766747
ID0FBDllOkNS3A_pan,0.9920618534088135
ID0FjL0VeJuPBW_boil,1.0
ID0FjL0VeJuPBW_pan,1.2903739410319304e-08
ID0HlRCFE5wCBkWP_boil,0.007938219234347343
ID0HlRCFE5wCBkWP_pan,0.9920618534088135
ID0IovKJW_boil,0.012039977125823498
ID0IovKJW_pan,0.9879601001739502
ID0LpXkRA81X_boil,0.007938219234347343
ID0LpXkRA81X_pan,0.9920618534088135
ID0M63kKZ55_boil,0.007938234135508537
ID0M63kKZ55_pan,0.9920617341995239
ID0QsFWsyFqZdx_boil,0.007938234135508537
ID0QsFWsyFqZdx_pan,0.9920617341995239
ID0SfCD_boil,0.007938181050121784
ID0SfCD_pan,0.9920618534088135
ID0akoJsfedXprL_boil,0.007938181050121784
ID0akoJsfedXprL_pan,0.9920618534088135
ID0dJJPCYanXEalJ_boil,0.00793824065476656
ID0dJJPCYanXEalJ_pan,0.9920617341995239
ID0dfmojB_boil,0.007938184775412083
ID0dfmojB_pan,0.9920618534088135
ID0e6159wkv90z_boil,0.007938211783766747
ID0e6159wkv90z_pan,0.9920618534088135
ID0kB33brV_boil,0.007938245311379433
ID0kB33brV_pan,0.9920617341995239
ID0maWjURTmcAjqi_boil,0.007938249036669731
ID0maWjURTmcAjqi_pan,0.9920617341995239
ID0pTyIRodXkgwhM_boil,0.007938234135508537
ID0pTyIRodXkgwhM_pan,0.9920617341995239
ID0vKQKW_boil,1.0
ID0vKQKW_pan,1.290383799812389e-08
ID0yctFiI9JXoazy_boil,0.007938222959637642
ID0yctFiI9JXoazy_pan,0.9920618534088135
ID149tZzT8_boil,1.0
ID149tZzT8_pan,1.2903739410319304e-08
ID1AfoHXF_boil,1.0
ID1AfoHXF_pan,1.2903764279315055e-08
ID1KYfDfr0L_boil,0.007938207127153873
ID1KYfDfr0L_pan,0.9920618534088135
ID1LA6Rx8qCyZcTO_boil,0.007938249036669731
ID1LA6Rx8qCyZcTO_pan,0.9920617341995239
ID1TOo3_boil,1.0
ID1TOo3_pan,1.290383799812389e-08
ID1UlsomrqgKDofZC_boil,0.00793826300650835
ID1UlsomrqgKDofZC_pan,0.9920617341995239
ID1eo7z_boil,0.007938234135508537
ID1eo7z_pan,0.9920617341995239
ID1jkyzBoflp4_boil,1.0
ID1jkyzBoflp4_pan,1.2903739410319304e-08
ID1k2a9nf_boil,0.007938234135508537
ID1k2a9nf_pan,0.9920617341995239
ID1kuxucbsbCX_boil,1.0
ID1kuxucbsbCX_pan,1.2903739410319304e-08
ID1lAVUHzhMkn1P_boil,0.007938225753605366
ID1lAVUHzhMkn1P_pan,0.9920617341995239
ID1notv9fSD_boil,0.007938203401863575
ID1notv9fSD_pan,0.9920618534088135
ID1qhxezGRD_boil,0.012039977125823498
ID1qhxezGRD_pan,0.9879601001739502
ID1qlZeCi_boil,0.00793824065476656
ID1qlZeCi_pan,0.9920617341995239
ID1skciQI3zi_boil,0.007938188500702381
ID1skciQI3zi_pan,0.9920618534088135
ID1uweyu0Fyd8eq_boil,0.007938256487250328
ID1uweyu0Fyd8eq_pan,0.9920617341995239
ID1wP4IBH_boil,0.007938225753605366
ID1wP4IBH_pan,0.9920617341995239
ID1xuupS_boil,1.0
ID1xuupS_pan,1.2903739410319304e-08
ID21UQAbBk8nQG_boil,1.0
ID21UQAbBk8nQG_pan,1.290383799812389e-08
ID21zmyIZ_boil,0.007938256487250328
ID21zmyIZ_pan,0.9920617341995239
ID25pMSm_boil,1.0
ID25pMSm_pan,1.2903814017306559e-08
ID280v0XHbkDu_boil,1.0
ID280v0XHbkDu_pan,1.2903739410319304e-08
ID2Is7fwj_boil,1.0
ID2Is7fwj_pan,1.2903739410319304e-08
ID2KZruU0L_boil,0.007938196882605553
ID2KZruU0L_pan,0.9920618534088135
ID2NSkOIUD6F_boil,0.007938215509057045
ID2NSkOIUD6F_pan,0.9920618534088135
ID2PBo8gc6VGiXtQ_boil,0.011359082534909248
ID2PBo8gc6VGiXtQ_pan,0.9886409044265747
ID2QAeip_boil,0.007938259281218052
ID2QAeip_pan,0.9920617341995239
ID2Usl1ezSfbOV_boil,0.007938230410218239
ID2Usl1ezSfbOV_pan,0.9920617341995239
ID2Wk3tg_boil,0.007938211783766747
ID2Wk3tg_pan,0.9920618534088135
ID2axpqnxH_boil,0.007938215509057045
ID2axpqnxH_pan,0.9920618534088135
ID2nlz2h06bDG_boil,0.007938222959637642
ID2nlz2h06bDG_pan,0.9920618534088135
ID2oDIOfQM_boil,0.00793826300650835
ID2oDIOfQM_pan,0.9920617341995239
ID2r8ZX2S_boil,1.0
ID2r8ZX2S_pan,1.2903936585928477e-08
ID2s8DzB_boil,0.007938230410218239
ID2s8DzB_pan,0.9920617341995239
ID2tvAPl755je_boil,1.0
ID2tvAPl755je_pan,1.2903788260132387e-08
ID2uOtEx5AComN_boil,0.007938177324831486
ID2uOtEx5AComN_pan,0.9920618534088135
ID30cTFRtDKdCwt1g_boil,0.01204002182930708
ID30cTFRtDKdCwt1g_pan,0.9879599809646606
ID34JQo9q_boil,0.00793824065476656
ID34JQo9q_pan,0.9920617341995239
ID3B1TvjBAtZ_boil,0.00793824065476656
ID3B1TvjBAtZ_pan,0.9920617341995239
ID3BPzU27w4_boil,0.007938203401863575
ID3BPzU27w4_pan,0.9920618534088135
ID3E40hHStriUb_boil,0.007938270457088947
ID3E40hHStriUb_pan,0.9920617341995239
ID3LA0B23P_boil,0.00793826300650835
ID3LA0B23P_pan,0.9920617341995239
ID3QPGZolA0_boil,0.00793826300650835
ID3QPGZolA0_pan,0.9920617341995239
ID3WVgGW_boil,1.0
ID3WVgGW_pan,1.2903616841697385e-08
ID3Wec8l8Ne04DBv9_boil,0.007938225753605366
ID3Wec8l8Ne04DBv9_pan,0.9920617341995239
ID3aifRIFQ6nHq9_boil,1.0
ID3aifRIFQ6nHq9_pan,1.2903788260132387e-08
ID3cyqj3A1Qk6M2_boil,0.007938270457088947
ID3cyqj3A1Qk6M2_pan,0.9920617341995239
ID3erWfTEn7rif_boil,1.0
ID3erWfTEn7rif_pan,1.2903739410319304e-08
ID3hrW9feaz_boil,1.0
ID3hrW9feaz_pan,1.290383799812389e-08
ID3mLkiA7p_boil,0.011359046213328838
ID3mLkiA7p_pan,0.9886410236358643
ID3n9EVi0llJ7EM3s_boil,0.007938245311379433
ID3n9EVi0llJ7EM3s_pan,0.9920617341995239
ID3s9sjV8xT5X_boil,1.0
ID3s9sjV8xT5X_pan,1.2903814017306559e-08
ID3tIq1bkaQ_boil,0.00793826300650835
ID3tIq1bkaQ_pan,0.9920617341995239
ID3uDELCzq4_boil,0.007938282564282417
ID3uDELCzq4_pan,0.9920617341995239
ID3x9YCn6MPHhlmMo_boil,1.0
ID3x9YCn6MPHhlmMo_pan,1.290369056050622e-08
ID3yHUh0Wttnr_boil,1.0
ID3yHUh0Wttnr_pan,1.2903714541323552e-08
ID42tOOiIotmRy0_boil,1.0
ID42tOOiIotmRy0_pan,1.2903739410319304e-08
ID45O5fV3wG_boil,0.00793824065476656
ID45O5fV3wG_pan,0.9920617341995239
ID46sh8_boil,0.011359019204974174
ID46sh8_pan,0.9886410236358643
ID48zxdPnfjasS3Pi_boil,1.0
ID48zxdPnfjasS3Pi_pan,1.2903788260132387e-08
ID4AjyKo8SB1TJ_boil,0.007938234135508537
ID4AjyKo8SB1TJ_pan,0.9920617341995239
ID4BTGu06JgRCk_boil,1.0
ID4BTGu06JgRCk_pan,1.2903739410319304e-08
ID4FmGrOlF_boil,1.0
ID4FmGrOlF_pan,1.2903739410319304e-08
ID4GwXAW_boil,1.0
ID4GwXAW_pan,1.2903640822514717e-08
ID4NemgMB11bSb9_boil,0.007938256487250328
ID4NemgMB11bSb9_pan,0.9920617341995239
ID4RZf8Ki7SoRyJ6Y_boil,0.007938256487250328
ID4RZf8Ki7SoRyJ6Y_pan,0.9920617341995239
ID4Xpq78V9x_boil,0.007938278838992119
ID4Xpq78V9x_pan,0.9920617341995239
ID4YS79CEQBMm0_boil,0.007938203401863575
ID4YS79CEQBMm0_pan,0.9920618534088135
ID4gP1vqI9UEK7_boil,1.0
ID4gP1vqI9UEK7_pan,1.2903739410319304e-08
ID4hHdF_boil,0.007938196882605553
ID4hHdF_pan,0.9920618534088135
ID4hsD2T4SXBdWqC_boil,0.007938270457088947
ID4hsD2T4SXBdWqC_pan,0.9920617341995239
ID59ss5ITEqj_boil,0.007938234135508537
ID59ss5ITEqj_pan,0.9920617341995239
ID5A2pknRjBPe_boil,0.007938219234347343
ID5A2pknRjBPe_pan,0.9920618534088135
ID5E46mKII2JUA_boil,0.00793824065476656
ID5E46mKII2JUA_pan,0.9920617341995239
ID5RIE9trNeQg_boil,0.007938219234347343
ID5RIE9trNeQg_pan,0.9920618534088135
ID5UIL7hL6xi_boil,0.007938207127153873
ID5UIL7hL6xi_pan,0.9920618534088135
ID5Zjm6_boil,0.007938225753605366
ID5Zjm6_pan,0.9920617341995239
ID5aiY1PY_boil,0.007938203401863575
ID5aiY1PY_pan,0.9920618534088135
ID5gX9PQE1XTCp_boil,0.007938222959637642
ID5gX9PQE1XTCp_pan,0.9920618534088135
ID5qmLQznmh_boil,0.007938219234347343
ID5qmLQznmh_pan,0.9920618534088135
ID5t4CyIa_boil,0.007938293740153313
ID5t4CyIa_pan,0.9920617341995239
ID5wdl1i5WnfHw0e_boil,0.00793826300650835
ID5wdl1i5WnfHw0e_pan,0.9920617341995239
ID5ztbQO98jYM1_boil,0.007938230410218239
ID5ztbQO98jYM1_pan,0.9920617341995239
ID60SNTt4ERPpYb_boil,0.007938316091895103
ID60SNTt4ERPpYb_pan,0.9920617341995239
ID60iDhll_boil,1.0
ID60iDhll_pan,1.2903739410319304e-08
ID6BhyM_boil,0.007938225753605366
ID6BhyM_pan,0.9920617341995239
ID6C6ZEKIa_boil,0.007938249036669731
ID6C6ZEKIa_pan,0.9920617341995239
ID6EZbm_boil,1.0
ID6EZbm_pan,1.290369056050622e-08
ID6HvC2m_boil,0.007938285358250141
ID6HvC2m_pan,0.9920617341995239
ID6QoOFcqqXQka_boil,0.00793824065476656
ID6QoOFcqqXQka_pan,0.9920617341995239
ID6XKuAUn_boil,0.007938267663121223
ID6XKuAUn_pan,0.9920617341995239
ID6ehyza6aUtEcc_boil,0.007938225753605366
ID6ehyza6aUtEcc_pan,0.9920617341995239
ID6fWEVe4R_boil,0.007938256487250328
ID6fWEVe4R_pan,0.9920617341995239
ID6hpUWcKjjLP3_boil,0.011359082534909248
ID6hpUWcKjjLP3_pan,0.9886409044265747
ID6pgJ5ahtEptUmj_boil,0.011359035037457943
ID6pgJ5ahtEptUmj_pan,0.9886410236358643
ID6sEsRrUWq_boil,0.007938200607895851
ID6sEsRrUWq_pan,0.9920618534088135
ID6sz5aWe3WR_boil,0.007938225753605366
ID6sz5aWe3WR_pan,0.9920617341995239
ID74ovPp_boil,0.007938290014863014
ID74ovPp_pan,0.9920617341995239
ID77OsZw9zZRUrSz_boil,0.007938203401863575
ID77OsZw9zZRUrSz_pan,0.9920618534088135
ID78Mkj4_boil,1.0
ID78Mkj4_pan,1.290369056050622e-08
ID7HWix_boil,1.0
ID7HWix_pan,1.2903739410319304e-08
ID7L7OGWB5rB5MJ_boil,0.007938211783766747
ID7L7OGWB5rB5MJ_pan,0.9920618534088135
ID7MX2yBHV_boil,0.011359077878296375
ID7MX2yBHV_pan,0.9886409044265747
ID7Z6gH3yEPaL_boil,0.007938188500702381
ID7Z6gH3yEPaL_pan,0.9920618534088135
ID7b1mG_boil,0.007938225753605366
ID7b1mG_pan,0.9920617341995239
ID7bP8IwegsS_boil,0.007938234135508537
ID7bP8IwegsS_pan,0.9920617341995239
ID7dJcTxJ4Oq_boil,0.007938181050121784
ID7dJcTxJ4Oq_pan,0.9920618534088135
ID7f3TT_boil,0.01135904062539339
ID7f3TT_pan,0.9886410236358643
ID7fxOa_boil,0.007938196882605553
ID7fxOa_pan,0.9920618534088135
ID7h045Y4C_boil,0.007938267663121223
ID7h045Y4C_pan,0.9920617341995239
ID7jcUYkolAU_boil,0.007938225753605366
ID7jcUYkolAU_pan,0.9920617341995239
ID7kdr8yU1_boil,1.0
ID7kdr8yU1_pan,1.2903862867119642e-08
ID7q8XHg_boil,0.012040100060403347
ID7q8XHg_pan,0.9879598617553711
ID81h1LnSPzqDc_boil,1.0
ID81h1LnSPzqDc_pan,1.2903739410319304e-08
ID82kUBG2ED_boil,0.01204002182930708
ID82kUBG2ED_pan,0.9879599809646606
ID8BiiEb7kT5eHA_boil,1.0
ID8BiiEb7kT5eHA_pan,1.2903788260132387e-08
ID8JMYnMhdYd_boil,0.007938249036669731
ID8JMYnMhdYd_pan,0.9920617341995239
ID8M0KobldT_boil,0.007938219234347343
ID8M0KobldT_pan,0.9920618534088135
ID8MnZuMJYOxg_boil,0.007938184775412083
ID8MnZuMJYOxg_pan,0.9920618534088135
ID8NL5ONYqWOo_boil,0.007938234135508537
ID8NL5ONYqWOo_pan,0.9920617341995239
ID8WF3R9_boil,1.0
ID8WF3R9_pan,1.2903640822514717e-08
ID8Y8mUy_boil,0.00793819222599268
ID8Y8mUy_pan,0.9920618534088135
ID8ZfY76DoOBe8_boil,1.0
ID8ZfY76DoOBe8_pan,1.2903739410319304e-08
ID8dajtQf_boil,1.0
ID8dajtQf_pan,1.2903788260132387e-08
ID8fvWYad6_boil,0.007938225753605366
ID8fvWYad6_pan,0.9920617341995239
ID8kYjwa8VELq1_boil,0.007938203401863575
ID8kYjwa8VELq1_pan,0.9920618534088135
ID8sNx5T5A0A0_boil,0.007938207127153873
ID8sNx5T5A0A0_pan,0.9920618534088135
ID8wBYTp6CHukbQ_boil,0.00793824065476656
ID8wBYTp6CHukbQ_pan,0.9920617341995239
ID90PxU6b7066KxO_boil,0.007938215509057045
ID90PxU6b7066KxO_pan,0.9920618534088135
ID96QaKoQJA7q_boil,0.007938230410218239
ID96QaKoQJA7q_pan,0.9920617341995239
ID97jEo_boil,0.007938207127153873
ID97jEo_pan,0.9920618534088135
ID9M2fZ5io1Am7z_boil,0.012040033005177975
ID9M2fZ5io1Am7z_pan,0.9879599809646606
ID9NZt1LjxaT_boil,0.007938203401863575
ID9NZt1LjxaT_pan,0.9920618534088135
ID9PoOPGe_boil,0.007938196882605553
ID9PoOPGe_pan,0.9920618534088135
ID9SMscZZhXiOCa5X_boil,0.007938278838992119
ID9SMscZZhXiOCa5X_pan,0.9920617341995239
ID9Um5PVu8rKEUj_boil,0.007938219234347343
ID9Um5PVu8rKEUj_pan,0.9920618534088135
ID9W3R9SLEnNC_boil,0.007938259281218052
ID9W3R9SLEnNC_pan,0.9920617341995239
ID9WhuR4Oly5xGClB_boil,0.007938196882605553
ID9WhuR4Oly5xGClB_pan,0.9920618534088135
ID9Yw0LDtTqX_boil,0.007938225753605366
ID9Yw0LDtTqX_pan,0.9920617341995239
ID9bUIiQ_boil,0.007938256487250328
ID9bUIiQ_pan,0.9920617341995239
ID9e2pt6DFHGwijsx_boil,0.007938207127153873
ID9e2pt6DFHGwijsx_pan,0.9920618534088135
ID9q48ylANuZZS_boil,0.007938249036669731
ID9q48ylANuZZS_pan,0.9920617341995239
ID9seuyLG_boil,0.007938211783766747
ID9seuyLG_pan,0.9920618534088135
IDA0zSwkZ5oASi_boil,0.007938270457088947
IDA0zSwkZ5oASi_pan,0.9920617341995239
IDA5tv4oCP6_boil,0.007938297465443611
IDA5tv4oCP6_pan,0.9920617341995239
IDA6RX9I1Vuh_boil,0.007938184775412083
IDA6RX9I1Vuh_pan,0.9920618534088135
IDA89129BpEJwAU_boil,0.007938222959637642
IDA89129BpEJwAU_pan,0.9920618534088135
IDAUaTcswJeb0_boil,1.0
IDAUaTcswJeb0_pan,1.2903714541323552e-08
IDAYEU5cX9xzLA_boil,0.007938207127153873
IDAYEU5cX9xzLA_pan,0.9920618534088135
IDAb6WuVG_boil,1.0
IDAb6WuVG_pan,1.290369056050622e-08
IDAdQgr_boil,0.007938219234347343
IDAdQgr_pan,0.9920618534088135
IDAfStbs_boil,0.007938256487250328
IDAfStbs_pan,0.9920617341995239
IDAj7qI6_boil,1.0
IDAj7qI6_pan,1.290369056050622e-08
IDAkkOzGQae_boil,0.007938207127153873
IDAkkOzGQae_pan,0.9920618534088135
IDAmYZkjXOjsKeGIU_boil,0.007938188500702381
IDAmYZkjXOjsKeGIU_pan,0.9920618534088135
IDAoS7IW3iEfvnN_boil,0.007938188500702381
IDAoS7IW3iEfvnN_pan,0.9920618534088135
IDApVuTp42C3_boil,0.007938211783766747
IDApVuTp42C3_pan,0.9920618534088135
IDAxHxok9DBzXDLEa_boil,0.007938259281218052
IDAxHxok9DBzXDLEa_pan,0.9920617341995239
IDAylzdyizAiG1rtG_boil,0.007938219234347343
IDAylzdyizAiG1rtG_pan,0.9920618534088135
IDAzsOtNMyZoWcyRM_boil,0.007938270457088947
IDAzsOtNMyZoWcyRM_pan,0.9920617341995239
IDB0zyfqyrjJjue_boil,0.007938249036669731
IDB0zyfqyrjJjue_pan,0.9920617341995239
IDB1wtjXBZ0D4_boil,0.01204000972211361
IDB1wtjXBZ0D4_pan,0.9879599809646606
IDB2pAQWobBYGzB_boil,0.011359088122844696
IDB2pAQWobBYGzB_pan,0.9886409044265747
IDBDUN9OVNlj_boil,0.007938207127153873
IDBDUN9OVNlj_pan,0.9920618534088135
IDBGOHYo36YWK2_boil,0.012039998546242714
IDBGOHYo36YWK2_pan,0.9879599809646606
IDBQeR2FY_boil,1.0
IDBQeR2FY_pan,1.2903739410319304e-08
IDBSZWd3qVdR_boil,0.007938215509057045
IDBSZWd3qVdR_pan,0.9920618534088135
IDBTsNvmvTyf_boil,0.007938211783766747
IDBTsNvmvTyf_pan,0.9920618534088135
IDBVF4vPUv0_boil,0.007938211783766747
IDBVF4vPUv0_pan,0.9920618534088135
IDBWoelEX0Cvs_boil,1.0
IDBWoelEX0Cvs_pan,1.2903714541323552e-08
IDBZO81kDv_boil,0.007938259281218052
IDBZO81kDv_pan,0.9920617341995239
IDBcsjN_boil,0.007938113063573837
IDBcsjN_pan,0.9920618534088135
IDBgmREbCIsD3qXQq_boil,0.007938215509057045
IDBgmREbCIsD3qXQq_pan,0.9920618534088135
IDBh4xlD_boil,0.007938293740153313
IDBh4xlD_pan,0.9920617341995239
IDBlm6fCRaPycq_boil,0.007938249036669731
IDBlm6fCRaPycq_pan,0.9920617341995239
IDBpZlitfz_boil,1.0
IDBpZlitfz_pan,1.290383799812389e-08
IDBqyTU_boil,1.0
IDBqyTU_pan,1.2903788260132387e-08
IDBxR6JNCET8YzB6P_boil,0.007938256487250328
IDBxR6JNCET8YzB6P_pan,0.9920617341995239
IDBzCK4PKnZ3DYp_boil,1.0
IDBzCK4PKnZ3DYp_pan,1.2903739410319304e-08
IDC1H005vv_boil,0.007938068360090256
IDC1H005vv_pan,0.992061972618103
IDC6pQY_boil,1.0
IDC6pQY_pan,1.2903739410319304e-08
IDC7DbTJw1_boil,1.0
IDC7DbTJw1_pan,1.2903814017306559e-08
IDCDu4j8LaUZNV0T_boil,0.007938234135508537
IDCDu4j8LaUZNV0T_pan,0.9920617341995239
IDCGGz8CBh_boil,0.007938215509057045
IDCGGz8CBh_pan,0.9920618534088135
IDCKAxcKEtSBCW6_boil,0.007938225753605366
IDCKAxcKEtSBCW6_pan,0.9920617341995239
IDCKdbTD12o_boil,0.007938211783766747
IDCKdbTD12o_pan,0.9920618534088135
IDCXC3WZ8fTpPqB4u_boil,0.00793819222599268
IDCXC3WZ8fTpPqB4u_pan,0.9920618534088135
IDCcdnWC_boil,0.00793826300650835
IDCcdnWC_pan,0.9920617341995239
IDCdEqVm8_boil,0.007938278838992119
IDCdEqVm8_pan,0.9920617341995239
IDCdPy5qxo6aD_boil,0.007938278838992119
IDCdPy5qxo6aD_pan,0.9920617341995239
IDCgowM2FHi_boil,0.011359024792909622
IDCgowM2FHi_pan,0.9886410236358643
IDCkHt5Rt6_boil,0.007938203401863575
IDCkHt5Rt6_pan,0.9920618534088135
IDClS3NV6Qtn_boil,0.01135905273258686
IDClS3NV6Qtn_pan,0.9886410236358643
IDCnYpokt8J9YSmJq_boil,0.007938222959637642
IDCnYpokt8J9YSmJq_pan,0.9920618534088135
IDCy8SpRP8Dp_boil,0.007938256487250328
IDCy8SpRP8Dp_pan,0.9920617341995239
IDCyb1wTo_boil,0.007938203401863575
IDCyb1wTo_pan,0.9920618534088135
IDD0iJVRcCEr0j_boil,0.007938234135508537
IDD0iJVRcCEr0j_pan,0.9920617341995239
IDD8ZVNUFQ2Hf_boil,0.00793824065476656
IDD8ZVNUFQ2Hf_pan,0.9920617341995239
IDDAmnuvdBi_boil,0.00793826300650835
IDDAmnuvdBi_pan,0.9920617341995239
IDDF7tO_boil,0.007938234135508537
IDDF7tO_pan,0.9920617341995239
IDDHVcH2Jd5etFmY_boil,1.0
IDDHVcH2Jd5etFmY_pan,1.2903764279315055e-08
IDDLAHHyPW_boil,0.007938230410218239
IDDLAHHyPW_pan,0.9920617341995239
IDDPTa8I_boil,0.007938219234347343
IDDPTa8I_pan,0.9920618534088135
IDDV1rcb2sZW09_boil,1.0
IDDV1rcb2sZW09_pan,1.2903788260132387e-08
IDDVN3CnZpwmyacw_boil,0.00793824065476656
IDDVN3CnZpwmyacw_pan,0.9920617341995239
IDDW5cL0_boil,0.007938225753605366
IDDW5cL0_pan,0.9920617341995239
IDDXjoLTLw_boil,0.0079381437972188
IDDXjoLTLw_pan,0.9920618534088135
IDDgn4erHVKx_boil,0.007938203401863575
IDDgn4erHVKx_pan,0.9920618534088135
IDDpc3xF04_boil,1.0
IDDpc3xF04_pan,1.2903591972701633e-08
IDDpeOGoZa_boil,0.007938249036669731
IDDpeOGoZa_pan,0.9920617341995239
IDDpfZqI5mI8_boil,0.007938234135508537
IDDpfZqI5mI8_pan,0.9920617341995239
IDDwVqY_boil,1.0
IDDwVqY_pan,1.290369056050622e-08
IDDwsERs6gKTXW4_boil,0.007938157767057419
IDDwsERs6gKTXW4_pan,0.9920618534088135
IDDzy72Q_boil,0.007938285358250141
IDDzy72Q_pan,0.9920617341995239
IDE1fiYjgO_boil,0.007938234135508537
IDE1fiYjgO_pan,0.9920617341995239
IDE2Ye8LKLjsheXRM_boil,0.007938256487250328
IDE2Ye8LKLjsheXRM_pan,0.9920617341995239
IDE8mgSMQMERT_boil,0.007938249036669731
IDE8mgSMQMERT_pan,0.9920617341995239
IDEA3IGuh_boil,1.0
IDEA3IGuh_pan,1.2903714541323552e-08
IDEAoIrMYqKi_boil,0.007938203401863575
IDEAoIrMYqKi_pan,0.9920618534088135
IDEC9Zeb_boil,1.0
IDEC9Zeb_pan,1.2903739410319304e-08
IDEIMnBHoWAphFcK_boil,0.007938196882605553
IDEIMnBHoWAphFcK_pan,0.9920618534088135
IDEM6lqG_boil,0.007938203401863575
IDEM6lqG_pan,0.9920618534088135
IDEMlUxogrpf5_boil,0.007938236929476261
IDEMlUxogrpf5_pan,0.9920617341995239
IDEPRHDYOghx_boil,0.007938196882605553
IDEPRHDYOghx_pan,0.9920618534088135
IDETMNAGhhrWI_boil,0.007938173599541187
IDETMNAGhhrWI_pan,0.9920618534088135
IDEe6iXTgt_boil,0.007938215509057045
IDEe6iXTgt_pan,0.9920618534088135
IDEs68Bci8cfLHJo_boil,1.0
IDEs68Bci8cfLHJo_pan,1.2903788260132387e-08
IDEuh15aqGWPu_boil,1.0
IDEuh15aqGWPu_pan,1.2903739410319304e-08
IDEvpb6v4OOe0Y_boil,1.0
IDEvpb6v4OOe0Y_pan,1.290369056050622e-08
IDEwGnmQlltf_boil,1.0
IDEwGnmQlltf_pan,1.290369056050622e-08
IDEyShR_boil,0.007938196882605553
IDEyShR_pan,0.9920618534088135
IDF2nDTmv7b1_boil,0.007938293740153313
IDF2nDTmv7b1_pan,0.9920617341995239
IDF4jqxKoNU8Vc_boil,0.00793826300650835
IDF4jqxKoNU8Vc_pan,0.9920617341995239
IDF5A5nwEnb_boil,0.007938285358250141
IDF5A5nwEnb_pan,0.9920617341995239
IDF5IjWvf67_boil,0.007938259281218052
IDF5IjWvf67_pan,0.9920617341995239
IDF9OFLKW27eo6e_boil,0.007938207127153873
IDF9OFLKW27eo6e_pan,0.9920618534088135
IDFAZjkhvieGj865E_boil,0.007938256487250328
IDFAZjkhvieGj865E_pan,0.9920617341995239
IDFDU5Sj4e_boil,0.011359082534909248
IDFDU5Sj4e_pan,0.9886409044265747
IDFKClc_boil,0.007938140071928501
IDFKClc_pan,0.9920618534088135
IDFKWhA_boil,0.011359061114490032
IDFKWhA_pan,0.9886409044265747
IDFKul110Y7cX8_boil,0.007938234135508537
IDFKul110Y7cX8_pan,0.9920617341995239
IDFNa0FuDwDmQiD_boil,0.007938219234347343
IDFNa0FuDwDmQiD_pan,0.9920618534088135
IDFQFXzy_boil,1.0
IDFQFXzy_pan,1.2903764279315055e-08
IDFUHKuId_boil,0.007938219234347343
IDFUHKuId_pan,0.9920618534088135
IDFWrhU5Fkan_boil,0.007938181050121784
IDFWrhU5Fkan_pan,0.9920618534088135
IDFaqVEUjZHgiU6_boil,0.007938211783766747
IDFaqVEUjZHgiU6_pan,0.9920618534088135
IDFc5aOF9kvvlSKn_boil,0.007938219234347343
IDFc5aOF9kvvlSKn_pan,0.9920618534088135
IDFmke9C_boil,0.007938245311379433
IDFmke9C_pan,0.9920617341995239
IDFnMhurg76W1RUK_boil,0.007938256487250328
IDFnMhurg76W1RUK_pan,0.9920617341995239
IDFnwkQ_boil,0.012040089815855026
IDFnwkQ_pan,0.9879599809646606
IDFpzKdLAo_boil,0.007938219234347343
IDFpzKdLAo_pan,0.9920618534088135
IDFq38fVBc9_boil,0.007938304916024208
IDFq38fVBc9_pan,0.9920617341995239
IDFsIy1n6Z_boil,0.007938222959637642
IDFsIy1n6Z_pan,0.9920618534088135
IDFxmMFRpbs_boil,0.007938270457088947
IDFxmMFRpbs_pan,0.9920617341995239
IDFzhyb5lPz_boil,0.007938211783766747
IDFzhyb5lPz_pan,0.9920618534088135
IDG1AkIPbSV_boil,0.007938256487250328
IDG1AkIPbSV_pan,0.9920617341995239
IDG5lTLIt9O_boil,0.00793824065476656
IDG5lTLIt9O_pan,0.9920617341995239
IDG94VRtYi0FsZ_boil,0.00793826300650835
IDG94VRtYi0FsZ_pan,0.9920617341995239
IDGDNyCCkaKLzXCM_boil,0.00793824065476656
IDGDNyCCkaKLzXCM_pan,0.9920617341995239
IDGKXoUKZZIMiwIA_boil,0.007938203401863575
IDGKXoUKZZIMiwIA_pan,0.9920618534088135
IDGPlef7MvMDtw_boil,0.007938211783766747
IDGPlef7MvMDtw_pan,0.9920618534088135
IDGR80BE8mvNUCNN3_boil,1.0
IDGR80BE8mvNUCNN3_pan,1.2903764279315055e-08
IDGUy652Ws9OT5W8v_boil,0.007938207127153873
IDGUy652Ws9OT5W8v_pan,0.9920618534088135
IDGd4vXS_boil,0.00793824065476656
IDGd4vXS_pan,0.9920617341995239
IDGfz4VMkN_boil,0.01204005628824234
IDGfz4VMkN_pan,0.9879599809646606
IDGi28ybRJegVvn_boil,1.0
IDGi28ybRJegVvn_pan,1.290369056050622e-08
IDGmQhncDYrgwrH_boil,0.007938211783766747
IDGmQhncDYrgwrH_pan,0.9920618534088135
IDGmoxZt1kCAHSwND_boil,0.007938230410218239
IDGmoxZt1kCAHSwND_pan,0.9920617341995239
IDGtye16mV1WRf_boil,0.007938196882605553
IDGtye16mV1WRf_pan,0.9920618534088135
IDGuf5l0pfY4dlC_boil,0.01135906670242548
IDGuf5l0pfY4dlC_pan,0.9886409044265747
IDH0i3q_boil,0.007938278838992119
IDH0i3q_pan,0.9920617341995239
IDH16qvhuu2FN_boil,0.012040100060403347
IDH16qvhuu2FN_pan,0.9879598617553711
IDH5U5dqwhKN30uTz_boil,0.007938222959637642
IDH5U5dqwhKN30uTz_pan,0.9920618534088135
IDHCu7gnVkXD0s_boil,0.007938278838992119
IDHCu7gnVkXD0s_pan,0.9920617341995239
IDHEYX4VMXCjwaqbs_boil,0.007938200607895851
IDHEYX4VMXCjwaqbs_pan,0.9920618534088135
IDHFoUKbxGP_boil,0.007938219234347343
IDHFoUKbxGP_pan,0.9920618534088135
IDHILD8DnJZTuUg_boil,0.007938259281218052
IDHILD8DnJZTuUg_pan,0.9920617341995239
IDHIi7sOPf_boil,0.007938196882605553
IDHIi7sOPf_pan,0.9920618534088135
IDHJ3hdZY0DABxwn2_boil,0.007938203401863575
IDHJ3hdZY0DABxwn2_pan,0.9920618534088135
IDHJnBm87ZUS8obg_boil,0.00793826300650835
IDHJnBm87ZUS8obg_pan,0.9920617341995239
IDHOC1FvOv3yFPOl_boil,0.007938211783766747
IDHOC1FvOv3yFPOl_pan,0.9920618534088135
IDHWKIVSCFhCK4_boil,1.0
IDHWKIVSCFhCK4_pan,1.2903788260132387e-08
IDHXwqtTeZa5pc6o9_boil,0.007938234135508537
IDHXwqtTeZa5pc6o9_pan,0.9920617341995239
IDHZK21FetRA_boil,0.007938219234347343
IDHZK21FetRA_pan,0.9920618534088135
IDHavhM_boil,0.007938285358250141
IDHavhM_pan,0.9920617341995239
IDHdtxlSc_boil,0.007938219234347343
IDHdtxlSc_pan,0.9920618534088135
IDHfdl87Y_boil,0.012040089815855026
IDHfdl87Y_pan,0.9879599809646606
IDHmTcHZd7BE3B_boil,0.007938207127153873
IDHmTcHZd7BE3B_pan,0.9920618534088135
IDHnnVg9DXD_boil,1.0
IDHnnVg9DXD_pan,1.290383799812389e-08
IDHqbxPzif_boil,1.0
IDHqbxPzif_pan,1.2903714541323552e-08
IDHsKXa3RjvFHP_boil,0.007938188500702381
IDHsKXa3RjvFHP_pan,0.9920618534088135
IDHtVTOt8KNNO_boil,0.007938236929476261
IDHtVTOt8KNNO_pan,0.9920617341995239
IDHvsezZ7HM_boil,0.007938196882605553
IDHvsezZ7HM_pan,0.9920618534088135
IDI06IBMc_boil,0.012039965018630028
IDI06IBMc_pan,0.9879601001739502
IDIAdM52mOZC_boil,0.01204005628824234
IDIAdM52mOZC_pan,0.9879599809646606
IDIFJJRBEBaS9GJMw_boil,0.012040111236274242
IDIFJJRBEBaS9GJMw_pan,0.9879598617553711
IDIIDOmJe_boil,0.007938211783766747
IDIIDOmJe_pan,0.9920618534088135
IDIJzc5uol6_boil,1.0
IDIJzc5uol6_pan,1.2903739410319304e-08
IDIM3qyRZyJb0CzL_boil,1.0
IDIM3qyRZyJb0CzL_pan,1.2903640822514717e-08
IDIM8ZYNWC9cpJ_boil,0.007938203401863575
IDIM8ZYNWC9cpJ_pan,0.9920618534088135
IDIN7Y20PpzPk93B_boil,0.007938278838992119
IDIN7Y20PpzPk93B_pan,0.9920617341995239
IDINWneOxB70u_boil,0.007938181050121784
IDINWneOxB70u_pan,0.9920618534088135
IDISZpcq8rWB_boil,0.007938251830637455
IDISZpcq8rWB_pan,0.9920617341995239
IDITL86p88LLHY1_boil,0.00793824065476656
IDITL86p88LLHY1_pan,0.9920617341995239
IDIWJ7wFYVu6qMjf_boil,0.007938225753605366
IDIWJ7wFYVu6qMjf_pan,0.9920617341995239
IDIZ70v_boil,0.007938203401863575
IDIZ70v_pan,0.9920618534088135
IDIfcox6I7n1_boil,1.0
IDIfcox6I7n1_pan,1.290383799812389e-08
IDIfuBIn_boil,0.007938230410218239
IDIfuBIn_pan,0.9920617341995239
IDIgkWDaqwXXozOI_boil,0.007938225753605366
IDIgkWDaqwXXozOI_pan,0.9920617341995239
IDIhOTILMHz5wPCY_boil,0.00793824065476656
IDIhOTILMHz5wPCY_pan,0.9920617341995239
IDIl79K8GJtMJY_boil,0.007938219234347343
IDIl79K8GJtMJY_pan,0.9920618534088135
IDIlPrCkH_boil,0.007938157767057419
IDIlPrCkH_pan,0.9920618534088135
IDIqWPdIM_boil,1.0
IDIqWPdIM_pan,1.2903739410319304e-08
IDIr2jkBOUL_boil,0.007938251830637455
IDIr2jkBOUL_pan,0.9920617341995239
IDIwmLztUQeps2t1N_boil,0.007938278838992119
IDIwmLztUQeps2t1N_pan,0.9920617341995239
IDIx92GuElKj7Hhsv_boil,0.00793819222599268
IDIx92GuElKj7Hhsv_pan,0.9920618534088135
IDJ2MEHdcAj6u8_boil,1.0
IDJ2MEHdcAj6u8_pan,1.2903739410319304e-08
IDJ8soN_boil,0.007938245311379433
IDJ8soN_pan,0.9920617341995239
IDJ9aNFsYme2_boil,0.007938196882605553
IDJ9aNFsYme2_pan,0.9920618534088135
IDJF1FIr94ICgh4E_boil,0.012040038593113422
IDJF1FIr94ICgh4E_pan,0.9879599809646606
IDJItSr4H_boil,0.007938234135508537
IDJItSr4H_pan,0.9920617341995239
IDJKLLPfEMAQ1SR_boil,0.007938267663121223
IDJKLLPfEMAQ1SR_pan,0.9920617341995239
IDJPzvEJZhf2a_boil,1.0
IDJPzvEJZhf2a_pan,1.290369056050622e-08
IDJQF2ZS_boil,0.007938200607895851
IDJQF2ZS_pan,0.9920618534088135
IDJS4VzDnTtJ_boil,0.007938256487250328
IDJS4VzDnTtJ_pan,0.9920617341995239
IDJUgiW_boil,1.0
IDJUgiW_pan,1.2903788260132387e-08
IDJVD2rN_boil,0.007938251830637455
IDJVD2rN_pan,0.9920617341995239
IDJZtxOMkpiYRa_boil,0.00793826300650835
IDJZtxOMkpiYRa_pan,0.9920617341995239
IDJcjqW7rB1lwZqFx_boil,0.007938259281218052
IDJcjqW7rB1lwZqFx_pan,0.9920617341995239
IDJecFNJguvTRy_boil,0.007938234135508537
IDJecFNJguvTRy_pan,0.9920617341995239
IDJgqLVP4_boil,0.007938270457088947
IDJgqLVP4_pan,0.9920617341995239
IDJjPgyGge1TnPgJv_boil,0.007938249036669731
IDJjPgyGge1TnPgJv_pan,0.9920617341995239
IDJm4eh3XgV5Bg_boil,0.007938251830637455
IDJm4eh3XgV5Bg_pan,0.9920617341995239
IDJs41T23jz5WOuo_boil,0.012039998546242714
IDJs41T23jz5WOuo_pan,0.9879599809646606
IDJyx6xO9_boil,1.0
IDJyx6xO9_pan,1.2903739410319304e-08
IDK0gON4uZv8m_boil,0.007938215509057045
IDK0gON4uZv8m_pan,0.9920618534088135
IDK0qLYlueh7zi_boil,0.00793824065476656
IDK0qLYlueh7zi_pan,0.9920617341995239
IDK6FSBNg6hTpcj_boil,0.007938249036669731
IDK6FSBNg6hTpcj_pan,0.9920617341995239
IDK6NUIqlE0HwT9_boil,0.007938196882605553
IDK6NUIqlE0HwT9_pan,0.9920618534088135
IDK6mJLUMf_boil,0.00793826300650835
IDK6mJLUMf_pan,0.9920617341995239
IDK6t3c22YXu3tnGK_boil,0.007938249036669731
IDK6t3c22YXu3tnGK_pan,0.9920617341995239
IDK6t6RbHOvqIBtXF_boil,0.007938249036669731
IDK6t6RbHOvqIBtXF_pan,0.9920617341995239
IDK882SHZ1oD3z_boil,0.007938219234347343
IDK882SHZ1oD3z_pan,0.9920618534088135
IDKBV4od6RPa_boil,0.007938196882605553
IDKBV4od6RPa_pan,0.9920618534088135
IDKCqD5tg3u_boil,0.00793824065476656
IDKCqD5tg3u_pan,0.9920617341995239
IDKEUzONz_boil,0.007938225753605366
IDKEUzONz_pan,0.9920617341995239
IDKHE2jX_boil,0.007938203401863575
IDKHE2jX_pan,0.9920618534088135
IDKHvdtrjzVQ_boil,0.00793819222599268
IDKHvdtrjzVQ_pan,0.9920618534088135
IDKN6hQUq3bX_boil,0.007938236929476261
IDKN6hQUq3bX_pan,0.9920617341995239
IDKPtNdjHynOtygE_boil,0.007938274182379246
IDKPtNdjHynOtygE_pan,0.9920617341995239
IDKVu0o7UiNsnD0Kk_boil,0.00793824065476656
IDKVu0o7UiNsnD0Kk_pan,0.9920617341995239
IDKZJc7MGSN_boil,0.011359077878296375
IDKZJc7MGSN_pan,0.9886409044265747
IDKgQonsJWDoRjb3_boil,0.00793826300650835
IDKgQonsJWDoRjb3_pan,0.9920617341995239
IDKiLWnPnPXmg3_boil,0.007938249036669731
IDKiLWnPnPXmg3_pan,0.9920617341995239
IDKnaHg0oiDMoz_boil,0.007938256487250328
IDKnaHg0oiDMoz_pan,0.9920617341995239
IDKoYUe1Wc8_boil,0.007938225753605366
IDKoYUe1Wc8_pan,0.9920617341995239
IDKrRNdjS1E_boil,0.007938222959637642
IDKrRNdjS1E_pan,0.9920618534088135
IDKrSuEjdC4P_boil,0.007938219234347343
IDKrSuEjdC4P_pan,0.9920618534088135
IDKrqli_boil,0.007938256487250328
IDKrqli_pan,0.9920617341995239
IDKsG3vt_boil,0.007938249036669731
IDKsG3vt_pan,0.9920617341995239
IDKtF1CeNRz9g0x_boil,1.0
IDKtF1CeNRz9g0x_pan,1.2903739410319304e-08
IDKvGcqSmZA8qmMYP_boil,1.0
IDKvGcqSmZA8qmMYP_pan,1.2903739410319304e-08
IDKyI51Rf8tm_boil,0.011359082534909248
IDKyI51Rf8tm_pan,0.9886409044265747
IDL2kHjS_boil,0.007938225753605366
IDL2kHjS_pan,0.9920617341995239
IDL44beN_boil,1.0
IDL44beN_pan,1.2903739410319304e-08
IDL46Fnc6PY4E_boil,1.0
IDL46Fnc6PY4E_pan,1.2903788260132387e-08
IDL6NaRNLLn9MbR_boil,0.00793824065476656
IDL6NaRNLLn9MbR_pan,0.9920617341995239
IDL927XZBhgyobC_boil,0.007938278838992119
IDL927XZBhgyobC_pan,0.9920617341995239
IDL9wX7t3MpVd_boil,0.007938173599541187
IDL9wX7t3MpVd_pan,0.9920618534088135
IDLFnxZdIRqAxI_boil,0.00793826300650835
IDLFnxZdIRqAxI_pan,0.9920617341995239
IDLHY6K77bSVERJb_boil,1.0
IDLHY6K77bSVERJb_pan,1.2903714541323552e-08
IDLM7WrW5LOw0JE42_boil,0.007938219234347343
IDLM7WrW5LOw0JE42_pan,0.9920618534088135
IDLMOoYDz9M8N_boil,0.00793824065476656
IDLMOoYDz9M8N_pan,0.9920617341995239
IDLN4CraOUqR9_boil,0.007938211783766747
IDLN4CraOUqR9_pan,0.9920618534088135
IDLSX0gkiL15_boil,0.007938219234347343
IDLSX0gkiL15_pan,0.9920618534088135
IDLU0exqD_boil,0.007938230410218239
IDLU0exqD_pan,0.9920617341995239
IDLVYKB1P_boil,0.00793824065476656
IDLVYKB1P_pan,0.9920617341995239
IDLarIQ0CA16_boil,0.007938188500702381
IDLarIQ0CA16_pan,0.9920618534088135
IDLav1R_boil,0.007938219234347343
IDLav1R_pan,0.9920618534088135
IDLesHQ_boil,0.007938249036669731
IDLesHQ_pan,0.9920617341995239
IDLgse7l8nBf0_boil,0.00793824065476656
IDLgse7l8nBf0_pan,0.9920617341995239
IDLjn1l8c_boil,0.007938196882605553
IDLjn1l8c_pan,0.9920618534088135
IDLon5uvygjfKg_boil,0.007938207127153873
IDLon5uvygjfKg_pan,0.9920618534088135
IDLuRayCZLN2OnTt_boil,0.007938249036669731
IDLuRayCZLN2OnTt_pan,0.9920617341995239
IDLwNWXtY_boil,0.007938256487250328
IDLwNWXtY_pan,0.9920617341995239
IDM230xets_boil,0.007938225753605366
IDM230xets_pan,0.9920617341995239
IDM2qQtF5Nuxvq_boil,0.007938215509057045
IDM2qQtF5Nuxvq_pan,0.9920618534088135
IDM3KBbS465Eej_boil,0.007938222959637642
IDM3KBbS465Eej_pan,0.9920618534088135
IDM51Yxqc5J6HMZuX_boil,0.00793819222599268
IDM51Yxqc5J6HMZuX_pan,0.9920618534088135
IDM9BLAbWdbSgTN7_boil,0.007938219234347343
IDM9BLAbWdbSgTN7_pan,0.9920618534088135
IDMGiM3AsZNFO8w5_boil,0.007938274182379246
IDMGiM3AsZNFO8w5_pan,0.9920617341995239
IDMGuoBeQvwgY9KM0_boil,0.007938215509057045
IDMGuoBeQvwgY9KM0_pan,0.9920618534088135
IDMGv0j4OanVo8y_boil,0.00793824065476656
IDMGv0j4OanVo8y_pan,0.9920617341995239
IDMKQzV7p_boil,1.0
IDMKQzV7p_pan,1.290369056050622e-08
IDML2yL_boil,0.007938211783766747
IDML2yL_pan,0.9920618534088135
IDMNmCxlLPoPx_boil,0.007938225753605366
IDMNmCxlLPoPx_pan,0.9920617341995239
IDMQXs48kD6zgII3_boil,0.007938211783766747
IDMQXs48kD6zgII3_pan,0.9920618534088135
IDMR2NnOOJK9v_boil,0.007938245311379433
IDMR2NnOOJK9v_pan,0.9920617341995239
IDMTCM6VND5g1tx_boil,0.007938249036669731
IDMTCM6VND5g1tx_pan,0.9920617341995239
IDMUYJWk7qeED_boil,0.00793826300650835
IDMUYJWk7qeED_pan,0.9920617341995239
IDMZx0L_boil,0.007938211783766747
IDMZx0L_pan,0.9920618534088135
IDMblBvBq2RONQv11_boil,0.007938236929476261
IDMblBvBq2RONQv11_pan,0.9920617341995239
IDMcPyJnQ_boil,1.0
IDMcPyJnQ_pan,1.2903739410319304e-08
IDMcpx6mjEjJT_boil,0.007938225753605366
IDMcpx6mjEjJT_pan,0.9920617341995239
IDMdVbIPkq_boil,1.0
IDMdVbIPkq_pan,1.290369056050622e-08
IDMdli49mBg5uZud_boil,1.0
IDMdli49mBg5uZud_pan,1.2903788260132387e-08
IDMj9QZSf0wo_boil,0.007938245311379433
IDMj9QZSf0wo_pan,0.9920617341995239
IDMkxko_boil,0.007938219234347343
IDMkxko_pan,0.9920618534088135
IDMtX7L_boil,0.007938225753605366
IDMtX7L_pan,0.9920617341995239
IDMxDFck_boil,0.007938200607895851
IDMxDFck_pan,0.9920618534088135
IDMxaHDh_boil,0.007938157767057419
IDMxaHDh_pan,0.9920618534088135
IDMzjzfm9zDRx_boil,0.007938234135508537
IDMzjzfm9zDRx_pan,0.9920617341995239
IDN1cCi_boil,1.0
IDN1cCi_pan,1.2903764279315055e-08
IDN3VLbRB_boil,0.007938225753605366
IDN3VLbRB_pan,0.9920617341995239
IDN5iKVxB_boil,0.007938308641314507
IDN5iKVxB_pan,0.9920617341995239
IDNB13Sq0_boil,0.007938225753605366
IDNB13Sq0_pan,0.9920617341995239
IDNBjVC8SxqDkIWf_boil,0.007938219234347343
IDNBjVC8SxqDkIWf_pan,0.9920618534088135
IDNCrauw_boil,0.007938285358250141
IDNCrauw_pan,0.9920617341995239
IDNDx1HtBlb3hK_boil,0.00793826300650835
IDNDx1HtBlb3hK_pan,0.9920617341995239
IDNIPm4e5_boil,0.007938249036669731
IDNIPm4e5_pan,0.9920617341995239
IDNK9ZcQaleKeH3M_boil,1.0
IDNK9ZcQaleKeH3M_pan,1.2903739410319304e-08
IDNNe7rtayXqPyD_boil,0.01135906670242548
IDNNe7rtayXqPyD_pan,0.9886409044265747
IDNOkVPbjqkOaE4_boil,0.007938207127153873
IDNOkVPbjqkOaE4_pan,0.9920618534088135
IDNPNs0vbRQ9Bnc_boil,0.012040033005177975
IDNPNs0vbRQ9Bnc_pan,0.9879599809646606
IDNPUOLqoTeRnP_boil,0.007938203401863575
IDNPUOLqoTeRnP_pan,0.9920618534088135
IDNPnuenHZFlXb5O8_boil,0.007938251830637455
IDNPnuenHZFlXb5O8_pan,0.9920617341995239
IDNSCnqUC9XmOCm_boil,0.007938249036669731
IDNSCnqUC9XmOCm_pan,0.9920617341995239
IDNXDxhOyEQBn28n_boil,0.011359082534909248
IDNXDxhOyEQBn28n_pan,0.9886409044265747
IDNXKJf7_boil,1.0
IDNXKJf7_pan,1.2903764279315055e-08
IDNXvdJz7W1_boil,0.007938225753605366
IDNXvdJz7W1_pan,0.9920617341995239
IDNbaHZfQfK_boil,0.007938207127153873
IDNbaHZfQfK_pan,0.9920618534088135
IDNcYErXJyR_boil,0.00793824065476656
IDNcYErXJyR_pan,0.9920617341995239
IDNg4JnI5aXKFDL_boil,0.00793826300650835
IDNg4JnI5aXKFDL_pan,0.9920617341995239
IDNhI1pLC_boil,0.007938236929476261
IDNhI1pLC_pan,0.9920617341995239
IDNit7il1k_boil,0.007938316091895103
IDNit7il1k_pan,0.9920617341995239
IDNmw1aq_boil,0.007938207127153873
IDNmw1aq_pan,0.9920618534088135
IDNvVkeJvG5Mu0e_boil,0.007938270457088947
IDNvVkeJvG5Mu0e_pan,0.9920617341995239
IDNz5ndBpJSUJC_boil,0.007938196882605553
IDNz5ndBpJSUJC_pan,0.9920618534088135
IDO3Nbs4Cgz_boil,0.00793826300650835
IDO3Nbs4Cgz_pan,0.9920617341995239
IDO3YczvTG_boil,1.0
IDO3YczvTG_pan,1.2903616841697385e-08
IDO7uXl1qf_boil,0.007938256487250328
IDO7uXl1qf_pan,0.9920617341995239
IDO8ardH2SCCEh_boil,1.0
IDO8ardH2SCCEh_pan,1.2903739410319304e-08
IDOE1T3uLBCe_boil,0.007938225753605366
IDOE1T3uLBCe_pan,0.9920617341995239
IDOFTIAH2rIRD_boil,0.007938181050121784
IDOFTIAH2rIRD_pan,0.9920618534088135
IDOFiblI7dE1tt_boil,0.007938249036669731
IDOFiblI7dE1tt_pan,0.9920617341995239
IDOIUJna2m1kHIpz_boil,0.007938207127153873
IDOIUJna2m1kHIpz_pan,0.9920618534088135
IDOIZqkNpG_boil,0.007938225753605366
IDOIZqkNpG_pan,0.9920617341995239
IDOJdQwe0Jn_boil,0.007938234135508537
IDOJdQwe0Jn_pan,0.9920617341995239
IDOL2x4vzHo2t_boil,0.007938234135508537
IDOL2x4vzHo2t_pan,0.9920617341995239
IDOSil7QbG_boil,0.012039977125823498
IDOSil7QbG_pan,0.9879601001739502
IDOTvWB_boil,0.007938267663121223
IDOTvWB_pan,0.9920617341995239
IDOWmr0Gc1_boil,1.0
IDOWmr0Gc1_pan,1.290383799812389e-08
IDOXsvq4GzS6AyJbf_boil,0.007938249036669731
IDOXsvq4GzS6AyJbf_pan,0.9920617341995239
IDOYY22kAh5G0T_boil,0.007938203401863575
IDOYY22kAh5G0T_pan,0.9920618534088135
IDOc9ZSO1x3gF81_boil,0.007938234135508537
IDOc9ZSO1x3gF81_pan,0.9920617341995239
IDOddsmtY_boil,0.007938256487250328
IDOddsmtY_pan,0.9920617341995239
IDOgPWC_boil,0.007938188500702381
IDOgPWC_pan,0.9920618534088135
IDOmSQpfls_boil,0.011359057389199734
IDOmSQpfls_pan,0.9886410236358643
IDP4AcJ_boil,0.007938230410218239
IDP4AcJ_pan,0.9920617341995239
IDP62tlw063_boil,0.007938230410218239
IDP62tlw063_pan,0.9920617341995239
IDP6Pfy3G_boil,0.007938256487250328
IDP6Pfy3G_pan,0.9920617341995239
IDP8yPZ_boil,1.0
IDP8yPZ_pan,1.2903640822514717e-08
IDP9rc6Hpu_boil,0.007938251830637455
IDP9rc6Hpu_pan,0.9920617341995239
IDPCQNAYWKeNW_boil,0.007938234135508537
IDPCQNAYWKeNW_pan,0.9920617341995239
IDPEzqtTD031h_boil,0.007938251830637455
IDPEzqtTD031h_pan,0.9920617341995239
IDPHtAoYIkGvT_boil,0.007938230410218239
IDPHtAoYIkGvT_pan,0.9920617341995239
IDPNeUgh8WbDfK_boil,0.007938225753605366
IDPNeUgh8WbDfK_pan,0.9920617341995239
IDPSX04HF_boil,0.007938207127153873
IDPSX04HF_pan,0.9920618534088135
IDPSxbXW5tPnM_boil,0.007938293740153313
IDPSxbXW5tPnM_pan,0.9920617341995239
IDPdzEzd4MjJwC_boil,0.01135904062539339
IDPdzEzd4MjJwC_pan,0.9886410236358643
IDPokFP_boil,0.007938234135508537
IDPokFP_pan,0.9920617341995239
IDPsGUFxHtTUZ_boil,0.00793824065476656
IDPsGUFxHtTUZ_pan,0.9920617341995239
IDPtql7rXD_boil,0.007938225753605366
IDPtql7rXD_pan,0.9920617341995239
IDPtwO0d4Ta_boil,0.007938188500702381
IDPtwO0d4Ta_pan,0.9920618534088135
IDPua0q_boil,1.0
IDPua0q_pan,1.2903591972701633e-08
IDQ2qFEDWOCT_boil,0.007938200607895851
IDQ2qFEDWOCT_pan,0.9920618534088135
IDQ41Nw0R9o9kX4_boil,1.0
IDQ41Nw0R9o9kX4_pan,1.2903788260132387e-08
IDQ5RlAY_boil,1.0
IDQ5RlAY_pan,1.290369056050622e-08
IDQ6GBCrQCnU68qGR_boil,0.007938308641314507
IDQ6GBCrQCnU68qGR_pan,0.9920617341995239
IDQ8I5cc6_boil,0.007938219234347343
IDQ8I5cc6_pan,0.9920618534088135
IDQB0WEU30ws_boil,0.007938203401863575
IDQB0WEU30ws_pan,0.9920618534088135
IDQBFMVT1AtcPzZ_boil,0.007938285358250141
IDQBFMVT1AtcPzZ_pan,0.9920617341995239
IDQFWf23PpUc_boil,0.011359061114490032
IDQFWf23PpUc_pan,0.9886409044265747
IDQGrKKR_boil,0.007938219234347343
IDQGrKKR_pan,0.9920618534088135
IDQP5NDegX_boil,0.007938203401863575
IDQP5NDegX_pan,0.9920618534088135
IDQTwuOnn9C_boil,1.0
IDQTwuOnn9C_pan,1.2903788260132387e-08
IDQW59NVLvUfAXt_boil,0.007938219234347343
IDQW59NVLvUfAXt_pan,0.9920618534088135
IDQbcNyo9HWRLA_boil,0.007938219234347343
IDQbcNyo9HWRLA_pan,0.9920618534088135
IDQdwNuYup_boil,1.0
IDQdwNuYup_pan,1.2903764279315055e-08
IDQm5eRSAdG0sB_boil,0.007938225753605366
IDQm5eRSAdG0sB_pan,0.9920617341995239
IDQr5AXcM3eN_boil,0.012040060944855213
IDQr5AXcM3eN_pan,0.9879599809646606
IDQtwjxiGA2Ou1K_boil,0.01204000972211361
IDQtwjxiGA2Ou1K_pan,0.9879599809646606
IDR07XaHK_boil,0.007938219234347343
IDR07XaHK_pan,0.9920618534088135
IDR5ILztiEWJcobS_boil,0.007938234135508537
IDR5ILztiEWJcobS_pan,0.9920617341995239
IDR6SAyLmh3JLx_boil,0.007938282564282417
IDR6SAyLmh3JLx_pan,0.9920617341995239
IDR7dlqS22CCf_boil,0.007938219234347343
IDR7dlqS22CCf_pan,0.9920618534088135
IDR8udMWlWb_boil,0.007938267663121223
IDR8udMWlWb_pan,0.9920617341995239
IDR8wCZ4yd2_boil,0.00793826300650835
IDR8wCZ4yd2_pan,0.9920617341995239
IDR9jPd9v0d_boil,0.00793826300650835
IDR9jPd9v0d_pan,0.9920617341995239
IDRBIFU0izv_boil,0.00793824065476656
IDRBIFU0izv_pan,0.9920617341995239
IDRKqDqTuG_boil,0.007938230410218239
IDRKqDqTuG_pan,0.9920617341995239
IDRP8faSjvnI_boil,0.007938219234347343
IDRP8faSjvnI_pan,0.9920618534088135
IDRYuoNRdkfNf_boil,0.007938177324831486
IDRYuoNRdkfNf_pan,0.9920618534088135
IDRZeavYJg_boil,0.007938181050121784
IDRZeavYJg_pan,0.9920618534088135
IDRaO6YRAwASlUJV_boil,0.007938177324831486
IDRaO6YRAwASlUJV_pan,0.9920618534088135
IDRghDoQ9FtuYcwdt_boil,0.007938121445477009
IDRghDoQ9FtuYcwdt_pan,0.9920618534088135
IDRl5a2wEx6OGQqT_boil,0.007938188500702381
IDRl5a2wEx6OGQqT_pan,0.9920618534088135
IDRnq8X_boil,0.007938211783766747
IDRnq8X_pan,0.9920618534088135
IDRppqUhXT2Mn0R_boil,0.007938259281218052
IDRppqUhXT2Mn0R_pan,0.9920617341995239
IDRrUW3ndT_boil,0.007938270457088947
IDRrUW3ndT_pan,0.9920617341995239
IDRu1SeBHN6_boil,0.007938225753605366
IDRu1SeBHN6_pan,0.9920617341995239
IDRvu7vt2zBrN_boil,1.0
IDRvu7vt2zBrN_pan,1.290383799812389e-08
IDRxZ6XtPbRK_boil,0.007938225753605366
IDRxZ6XtPbRK_pan,0.9920617341995239
IDRyt3zB02d_boil,0.00793816614896059
IDRyt3zB02d_pan,0.9920618534088135
IDS0NVw_boil,0.007938251830637455
IDS0NVw_pan,0.9920617341995239
IDS1IvSdbtq6_boil,0.01203998178243637
IDS1IvSdbtq6_pan,0.9879599809646606
IDSAQZD_boil,1.0
IDSAQZD_pan,1.2903788260132387e-08
IDSDUpCbwxJ_boil,1.0
IDSDUpCbwxJ_pan,1.2903814017306559e-08
IDSDiLo_boil,1.0
IDSDiLo_pan,1.290369056050622e-08
IDSGQS7xL_boil,1.0
IDSGQS7xL_pan,1.2903591972701633e-08
IDSH4cGXPoVxLc9K_boil,0.007938256487250328
IDSH4cGXPoVxLc9K_pan,0.9920617341995239
IDSIXGFQie_boil,0.007938211783766747
IDSIXGFQie_pan,0.9920618534088135
IDSLtdw20_boil,1.0
IDSLtdw20_pan,1.2903714541323552e-08
IDSV1kLo6kBJ_boil,0.007938222959637642
IDSV1kLo6kBJ_pan,0.9920618534088135
IDSiRPkvdN_boil,0.007938249036669731
IDSiRPkvdN_pan,0.9920617341995239
IDSqDYsSoktFjiqV_boil,0.007938203401863575
IDSqDYsSoktFjiqV_pan,0.9920618534088135
IDSssfpXj_boil,1.0
IDSssfpXj_pan,1.2903788260132387e-08
IDT7IaaxIhflo_boil,0.007938293740153313
IDT7IaaxIhflo_pan,0.9920617341995239
IDT83T5_boil,0.007938234135508537
IDT83T5_pan,0.9920617341995239
IDT87CiQ2Gfe_boil,1.0
IDT87CiQ2Gfe_pan,1.2903665691510469e-08
IDT8VhBAnWjz_boil,0.007938249036669731
IDT8VhBAnWjz_pan,0.9920617341995239
IDTDNbFrMf_boil,0.007938215509057045
IDTDNbFrMf_pan,0.9920618534088135
IDTIjrqfEdiCaW_boil,0.007938219234347343
IDTIjrqfEdiCaW_pan,0.9920618534088135
IDTN2z0wqOEjF_boil,0.007938249036669731
IDTN2z0wqOEjF_pan,0.9920617341995239
IDTOPKMFrhJfGR_boil,1.0
IDTOPKMFrhJfGR_pan,1.2903788260132387e-08
IDTSRmb04zp8jw_boil,0.00793824065476656
IDTSRmb04zp8jw_pan,0.9920617341995239
IDTc5vCuKREEbT51q_boil,0.007938225753605366
IDTc5vCuKREEbT51q_pan,0.9920617341995239
IDTn4HXmUw_boil,0.007938203401863575
IDTn4HXmUw_pan,0.9920618534088135
IDTnZIAEKy5_boil,0.007938181050121784
IDTnZIAEKy5_pan,0.9920618534088135
IDTrFruRkTs5_boil,1.0
IDTrFruRkTs5_pan,1.2903788260132387e-08
IDTtkznFNr_boil,0.007938282564282417
IDTtkznFNr_pan,0.9920617341995239
IDU15pFXGPoW_boil,0.007938215509057045
IDU15pFXGPoW_pan,0.9920618534088135
IDUDizwHAA5Vpq_boil,0.007938203401863575
IDUDizwHAA5Vpq_pan,0.9920618534088135
IDUEOvkdd0Io_boil,1.0
IDUEOvkdd0Io_pan,1.2903739410319304e-08
IDUJK61tWJzl_boil,0.007938245311379433
IDUJK61tWJzl_pan,0.9920617341995239
IDUR1hGQJ8n_boil,0.007938267663121223
IDUR1hGQJ8n_pan,0.9920617341995239
IDURAmRpwd_boil,0.00793830119073391
IDURAmRpwd_pan,0.9920617341995239
IDUTofzTK1ryH4h_boil,0.007938278838992119
IDUTofzTK1ryH4h_pan,0.9920617341995239
IDUaqgsF_boil,0.007938219234347343
IDUaqgsF_pan,0.9920618534088135
IDUdmIO5gHk7Xe_boil,0.007938222959637642
IDUdmIO5gHk7Xe_pan,0.9920618534088135
IDUekYdA_boil,1.0
IDUekYdA_pan,1.290354223471013e-08
IDUh6ZDfY0zoo_boil,0.007938225753605366
IDUh6ZDfY0zoo_pan,0.9920617341995239
IDUu0vUQVXbU83_boil,0.007938267663121223
IDUu0vUQVXbU83_pan,0.9920617341995239
IDUxMGJXV7GZm_boil,0.007938211783766747
IDUxMGJXV7GZm_pan,0.9920618534088135
IDUzf7o00ZjNPbTiv_boil,0.007938308641314507
IDUzf7o00ZjNPbTiv_pan,0.9920617341995239
IDV2gsvkl7R0sE7_boil,0.007938245311379433
IDV2gsvkl7R0sE7_pan,0.9920617341995239
IDV7gvduUgEi5M8oc_boil,0.007938234135508537
IDV7gvduUgEi5M8oc_pan,0.9920617341995239
IDVELYhWJK_boil,0.007938173599541187
IDVELYhWJK_pan,0.9920618534088135
IDVEbPX_boil,0.007938211783766747
IDVEbPX_pan,0.9920618534088135
IDVF47p_boil,0.007938259281218052
IDVF47p_pan,0.9920617341995239
IDVMVK7_boil,0.007938075810670853
IDVMVK7_pan,0.992061972618103
IDVPgPc_boil,0.007938234135508537
IDVPgPc_pan,0.9920617341995239
IDVaNpYs6Zp_boil,1.0
IDVaNpYs6Zp_pan,1.2903788260132387e-08
IDVb1j8d88xhvBA_boil,0.007938207127153873
IDVb1j8d88xhvBA_pan,0.9920618534088135
IDVq7VTunmtGwrtF_boil,0.00793819222599268
IDVq7VTunmtGwrtF_pan,0.9920618534088135
IDVqRUdxPBpLKmQ4K_boil,0.007938113063573837
IDVqRUdxPBpLKmQ4K_pan,0.9920618534088135
IDW34B7t_boil,0.00793824065476656
IDW34B7t_pan,0.9920617341995239
IDW7TVj_boil,0.00793824065476656
IDW7TVj_pan,0.9920617341995239
IDWCt8Biy_boil,0.007938234135508537
IDWCt8Biy_pan,0.9920617341995239
IDWGxShwaJ_boil,0.012040045112371445
IDWGxShwaJ_pan,0.9879599809646606
IDWHF8jl0L_boil,0.007938211783766747
IDWHF8jl0L_pan,0.9920618534088135
IDWLI46_boil,0.007938259281218052
IDWLI46_pan,0.9920617341995239
IDWOLJMH4f_boil,0.007938203401863575
IDWOLJMH4f_pan,0.9920618534088135
IDWYEyNsJlDExB_boil,0.007938181050121784
IDWYEyNsJlDExB_pan,0.9920618534088135
IDWfePLzOkYTdimsm_boil,1.0
IDWfePLzOkYTdimsm_pan,1.2903640822514717e-08
IDWhbT1AT25O_boil,0.007938207127153873
IDWhbT1AT25O_pan,0.9920618534088135
IDWiWm800duFh7_boil,0.011359061114490032
IDWiWm800duFh7_pan,0.9886409044265747
IDWkYgKd_boil,0.012040015310049057
IDWkYgKd_pan,0.9879599809646606
IDWnid30JA_boil,0.007938236929476261
IDWnid30JA_pan,0.9920617341995239
IDWtgOChoTn2_boil,0.007938173599541187
IDWtgOChoTn2_pan,0.9920618534088135
IDWuHnrZmPf_boil,0.007938236929476261
IDWuHnrZmPf_pan,0.9920617341995239
IDWzeosZ4RCi7_boil,0.007938219234347343
IDWzeosZ4RCi7_pan,0.9920618534088135
IDX2OYwG6O_boil,0.007938249036669731
IDX2OYwG6O_pan,0.9920617341995239
IDX2UG8S_boil,0.007938249036669731
IDX2UG8S_pan,0.9920617341995239
IDX4m3o2iFM_boil,0.007938230410218239
IDX4m3o2iFM_pan,0.9920617341995239
IDX6cto4_boil,0.012039986439049244
IDX6cto4_pan,0.9879599809646606
IDX7Hs6a_boil,0.00793826300650835
IDX7Hs6a_pan,0.9920617341995239
IDXNdrffCsUhRj7_boil,0.007938207127153873
IDXNdrffCsUhRj7_pan,0.9920618534088135
IDXWZyfmm_boil,0.007938211783766747
IDXWZyfmm_pan,0.9920618534088135
IDXXWSuwi9cvXt2_boil,1.0
IDXXWSuwi9cvXt2_pan,1.2903591972701633e-08
IDXeBC1VjX9Pk_boil,0.007938181050121784
IDXeBC1VjX9Pk_pan,0.9920618534088135
IDXgbGo3riFccPE_boil,0.007938234135508537
IDXgbGo3riFccPE_pan,0.9920617341995239
IDXhyOwV9lo_boil,0.007938219234347343
IDXhyOwV9lo_pan,0.9920618534088135
IDXoC8di_boil,0.007938230410218239
IDXoC8di_pan,0.9920617341995239
IDXpPETQFaK_boil,0.007938211783766747
IDXpPETQFaK_pan,0.9920618534088135
IDXuG624loGbFu6_boil,0.007938274182379246
IDXuG624loGbFu6_pan,0.9920617341995239
IDXunnia_boil,1.0
IDXunnia_pan,1.2903814017306559e-08
IDYBHOJ5I5sckSWb_boil,0.007938219234347343
IDYBHOJ5I5sckSWb_pan,0.9920618534088135
IDYBLYIW71Ao_boil,0.007938236929476261
IDYBLYIW71Ao_pan,0.9920617341995239
IDYENI6ajzB_boil,0.007938278838992119
IDYENI6ajzB_pan,0.9920617341995239
IDYEfIRfa_boil,0.007938203401863575
IDYEfIRfa_pan,0.9920618534088135
IDYMT6kLdc0oBu_boil,1.0
IDYMT6kLdc0oBu_pan,1.2903739410319304e-08
IDYNMDq5fwu9buDG_boil,1.0
IDYNMDq5fwu9buDG_pan,1.290383799812389e-08
IDYW9E59Ef_boil,0.00793826300650835
IDYW9E59Ef_pan,0.9920617341995239
IDYXzODPAYgqZ_boil,0.007938222959637642
IDYXzODPAYgqZ_pan,0.9920618534088135
IDYcT5y2rpH5DO_boil,0.007938225753605366
IDYcT5y2rpH5DO_pan,0.9920617341995239
IDYkLwvKT_boil,0.007938219234347343
IDYkLwvKT_pan,0.9920618534088135
IDYloKm9XUUPl_boil,0.007938324473798275
IDYloKm9XUUPl_pan,0.9920617341995239
IDYpgNkcbSP_boil,1.0
IDYpgNkcbSP_pan,1.2903665691510469e-08
IDYq0OUOK6y_boil,0.007938203401863575
IDYq0OUOK6y_pan,0.9920618534088135
IDYqIgpXtJCuVvbGl_boil,0.007938236929476261
IDYqIgpXtJCuVvbGl_pan,0.9920617341995239
IDYtIJpLN_boil,1.0
IDYtIJpLN_pan,1.2903788260132387e-08
IDYu4Bjcr_boil,0.007938196882605553
IDYu4Bjcr_pan,0.9920618534088135
IDYuGckz4_boil,0.007938249036669731
IDYuGckz4_pan,0.9920617341995239
IDYwRcFyDIV_boil,0.007938249036669731
IDYwRcFyDIV_pan,0.9920617341995239
IDYxUNqRlmQWRZe_boil,0.011359061114490032
IDYxUNqRlmQWRZe_pan,0.9886409044265747
IDYz8Gg5e_boil,0.007938219234347343
IDYz8Gg5e_pan,0.9920618534088135
IDZAwjE8iN_boil,0.007938259281218052
IDZAwjE8iN_pan,0.9920617341995239
IDZHnfQAnD7sjQ7I_boil,0.007938234135508537
IDZHnfQAnD7sjQ7I_pan,0.9920617341995239
IDZKr2HG8RGBS_boil,0.012039998546242714
IDZKr2HG8RGBS_pan,0.9879599809646606
IDZLv0NDsG2Y_boil,1.0
IDZLv0NDsG2Y_pan,1.2903788260132387e-08
IDZSMIRevRSb_boil,0.00793826300650835
IDZSMIRevRSb_pan,0.9920617341995239
IDZUgiT8OeVNdNKLk_boil,1.0
IDZUgiT8OeVNdNKLk_pan,1.290369056050622e-08
IDZVslW8B93_boil,0.007938270457088947
IDZVslW8B93_pan,0.9920617341995239
IDZXVJV9peTT3_boil,0.007938256487250328
IDZXVJV9peTT3_pan,0.9920617341995239
IDZZLbrx3WOj_boil,0.007938211783766747
IDZZLbrx3WOj_pan,0.9920618534088135
IDZadFtQucj_boil,0.007938256487250328
IDZadFtQucj_pan,0.9920617341995239
IDZenoO_boil,0.007938225753605366
IDZenoO_pan,0.9920617341995239
IDZg4NulLYTp91M_boil,1.0
IDZg4NulLYTp91M_pan,1.2903788260132387e-08
IDZqFAme59_boil,1.0
IDZqFAme59_pan,1.2903788260132387e-08
IDZqnZNx_boil,0.007938203401863575
IDZqnZNx_pan,0.9920618534088135
IDZwgfzvaQiFnG_boil,0.007938234135508537
IDZwgfzvaQiFnG_pan,0.9920617341995239
IDa1IDStO7AWx_boil,0.007938230410218239
IDa1IDStO7AWx_pan,0.9920617341995239
IDa9no02Dru_boil,0.007938278838992119
IDa9no02Dru_pan,0.9920617341995239
IDaA6yp6eKrTx_boil,0.007938234135508537
IDaA6yp6eKrTx_pan,0.9920617341995239
IDaE3zzt3_boil,0.007938267663121223
IDaE3zzt3_pan,0.9920617341995239
IDaGRuLXguf8_boil,0.007938203401863575
IDaGRuLXguf8_pan,0.9920618534088135
IDaV9wUEtq_boil,0.00793826300650835
IDaV9wUEtq_pan,0.9920617341995239
IDaYlH0sN_boil,0.007938219234347343
IDaYlH0sN_pan,0.9920618534088135
IDaZaB2Qs_boil,0.00793824065476656
IDaZaB2Qs_pan,0.9920617341995239
IDalTx5mDvBvbi6_boil,0.007938259281218052
IDalTx5mDvBvbi6_pan,0.9920617341995239
IDamhqdEz_boil,0.00793824065476656
IDamhqdEz_pan,0.9920617341995239
IDaqCww8DAlE_boil,0.007938251830637455
IDaqCww8DAlE_pan,0.9920617341995239
IDatWJwmZ0DB_boil,0.007938234135508537
IDatWJwmZ0DB_pan,0.9920617341995239
IDavDU3L6bSdro_boil,0.007938249036669731
IDavDU3L6bSdro_pan,0.9920617341995239
IDazb2lUN99weo_boil,0.007938230410218239
IDazb2lUN99weo_pan,0.9920617341995239
IDb01j9ZD8s06_boil,0.007938215509057045
IDb01j9ZD8s06_pan,0.9920618534088135
IDb2KVFyac_boil,0.007938215509057045
IDb2KVFyac_pan,0.9920618534088135
IDb9lDmHhHQCO78q_boil,0.007938234135508537
IDb9lDmHhHQCO78q_pan,0.9920617341995239
IDbD1omSlkidV_boil,0.007938211783766747
IDbD1omSlkidV_pan,0.9920618534088135
IDbDEFEt_boil,1.0
IDbDEFEt_pan,1.290369056050622e-08
IDbJX0Hx52ah_boil,0.007938251830637455
IDbJX0Hx52ah_pan,0.9920617341995239
IDbLiUSzgkCkcy5_boil,0.00793824065476656
IDbLiUSzgkCkcy5_pan,0.9920617341995239
IDbR7xPNyhiD_boil,0.007938203401863575
IDbR7xPNyhiD_pan,0.9920618534088135
IDbWrojSSTeTJ_boil,0.00793826300650835
IDbWrojSSTeTJ_pan,0.9920617341995239
IDbXOnSO2Rn195LHi_boil,1.0
IDbXOnSO2Rn195LHi_pan,1.2903739410319304e-08
IDbY0sRcU2_boil,0.00793824065476656
IDbY0sRcU2_pan,0.9920617341995239
IDbcYP7h6wmvGT_boil,0.007938219234347343
IDbcYP7h6wmvGT_pan,0.9920618534088135
IDbkIxCkq1Gcbd_boil,0.007938316091895103
IDbkIxCkq1Gcbd_pan,0.9920617341995239
IDbq9826k0PN1mj_boil,0.01135913748294115
IDbq9826k0PN1mj_pan,0.9886409044265747
IDbt9gz_boil,0.007938236929476261
IDbt9gz_pan,0.9920617341995239
IDc1OSCfll_boil,0.007938249036669731
IDc1OSCfll_pan,0.9920617341995239
IDc2PPfBB_boil,0.007938207127153873
IDc2PPfBB_pan,0.9920618534088135
IDcB06ugrzp_boil,0.007938188500702381
IDcB06ugrzp_pan,0.9920618534088135
IDcBdm0xGWi6La_boil,0.007938234135508537
IDcBdm0xGWi6La_pan,0.9920617341995239
IDcIGfvBad_boil,0.007938256487250328
IDcIGfvBad_pan,0.9920617341995239
IDcMgMwgrQZ_boil,0.00793826300650835
IDcMgMwgrQZ_pan,0.9920617341995239
IDcN2Qip6Mtjbtqf1_boil,0.007938225753605366
IDcN2Qip6Mtjbtqf1_pan,0.9920617341995239
IDcQ6PX7tU57og_boil,0.00793824065476656
IDcQ6PX7tU57og_pan,0.9920617341995239
IDcRklmiqe2lnR_boil,0.007938219234347343
IDcRklmiqe2lnR_pan,0.9920618534088135
IDcSTQJA_boil,0.007938234135508537
IDcSTQJA_pan,0.9920617341995239
IDcT2eDuFEjN_boil,0.007938211783766747
IDcT2eDuFEjN_pan,0.9920618534088135
IDcUhNwYOtFH77LQv_boil,0.007938251830637455
IDcUhNwYOtFH77LQv_pan,0.9920617341995239
IDcWSNedOTWNTG_boil,0.007938225753605366
IDcWSNedOTWNTG_pan,0.9920617341995239
IDcWc5K7c_boil,0.012039942666888237
IDcWc5K7c_pan,0.9879601001739502
IDca05Iof6T2k1j1H_boil,1.0
IDca05Iof6T2k1j1H_pan,1.2903788260132387e-08
IDcgCI6bzWx_boil,0.012040067464113235
IDcgCI6bzWx_pan,0.9879599809646606
IDchMx6_boil,0.007938211783766747
IDchMx6_pan,0.9920618534088135
IDcmg7gZ92I53q_boil,0.007938230410218239
IDcmg7gZ92I53q_pan,0.9920617341995239
IDcqqsVa5qUBZR3_boil,0.007938234135508537
IDcqqsVa5qUBZR3_pan,0.9920617341995239
IDcvc4Not6B_boil,1.0
IDcvc4Not6B_pan,1.2903788260132387e-08
IDcw9GAC4_boil,1.0
IDcw9GAC4_pan,1.290354223471013e-08
IDcwzfJ43NsHUd_boil,0.007938219234347343
IDcwzfJ43NsHUd_pan,0.9920618534088135
IDcyvRo0jdDRGvw_boil,0.007938245311379433
IDcyvRo0jdDRGvw_pan,0.9920617341995239
IDd2BK4_boil,0.007938234135508537
IDd2BK4_pan,0.9920617341995239
IDd9jlgeyx2jztVi_boil,0.007938278838992119
IDd9jlgeyx2jztVi_pan,0.9920617341995239
IDdCLWAeLA5_boil,0.007938203401863575
IDdCLWAeLA5_pan,0.9920618534088135
IDdJ5Mx1Da_boil,0.007938234135508537
IDdJ5Mx1Da_pan,0.9920617341995239
IDdJgpza52_boil,0.007938230410218239
IDdJgpza52_pan,0.9920617341995239
IDdNEfKyWvldY_boil,0.007938196882605553
IDdNEfKyWvldY_pan,0.9920618534088135
IDdOkSdRQnvacrgmc_boil,0.007938234135508537
IDdOkSdRQnvacrgmc_pan,0.9920617341995239
IDdSc1XNcw_boil,1.0
IDdSc1XNcw_pan,1.2903665691510469e-08
IDdVW0vLk2_boil,0.00793824065476656
IDdVW0vLk2_pan,0.9920617341995239
IDdXZDqE45_boil,0.007938211783766747
IDdXZDqE45_pan,0.9920618534088135
IDdbECLRkhBs2CVyl_boil,0.007938203401863575
IDdbECLRkhBs2CVyl_pan,0.9920618534088135
IDdg5nrflocQ1_boil,1.0
IDdg5nrflocQ1_pan,1.2903739410319304e-08
IDdiMQo63_boil,0.007938225753605366
IDdiMQo63_pan,0.9920617341995239
IDdjUTm9nGY_boil,1.0
IDdjUTm9nGY_pan,1.2903714541323552e-08
IDdkbOy8W1_boil,0.007938256487250328
IDdkbOy8W1_pan,0.9920617341995239
IDdmhFLqMfRdKp_boil,0.01135905273258686
IDdmhFLqMfRdKp_pan,0.9886410236358643
IDdoaRB_boil,0.011359057389199734
IDdoaRB_pan,0.9886410236358643
IDdpmc5SF_boil,0.007938225753605366
IDdpmc5SF_pan,0.9920617341995239
IDdpxAjbvs_boil,0.012039998546242714
IDdpxAjbvs_pan,0.9879599809646606
IDdtDlMEQkrkb_boil,0.007938211783766747
IDdtDlMEQkrkb_pan,0.9920618534088135
IDdxtX5nyTm5yZm_boil,0.01204005628824234
IDdxtX5nyTm5yZm_pan,0.9879599809646606
IDe2DyMFSd_boil,1.0
IDe2DyMFSd_pan,1.2903788260132387e-08
IDe6Qw0xdA8wep_boil,0.007938293740153313
IDe6Qw0xdA8wep_pan,0.9920617341995239
IDe79DfL9dI9H6_boil,0.00793826300650835
IDe79DfL9dI9H6_pan,0.9920617341995239
IDe8WeO9_boil,0.00793824065476656
IDe8WeO9_pan,0.9920617341995239
IDeBWFhgDoovGq5v_boil,0.007938219234347343
IDeBWFhgDoovGq5v_pan,0.9920618534088135
IDeDtyP8_boil,0.011359057389199734
IDeDtyP8_pan,0.9886410236358643
IDeDyorf_boil,1.0
IDeDyorf_pan,1.2903788260132387e-08
IDeNQFA9PDuwO6_boil,0.007938225753605366
IDeNQFA9PDuwO6_pan,0.9920617341995239
IDeO7U85AcVvELt_boil,0.007938251830637455
IDeO7U85AcVvELt_pan,0.9920617341995239
IDeR6r4xk5_boil,0.007938256487250328
IDeR6r4xk5_pan,0.9920617341995239
IDeTD5SBL_boil,0.007938203401863575
IDeTD5SBL_pan,0.9920618534088135
IDehALBezgA_boil,1.0
IDehALBezgA_pan,1.2903764279315055e-08
IDehIqzoS53TfNsJ_boil,1.0
IDehIqzoS53TfNsJ_pan,1.2903814017306559e-08
IDeioFIPOnDoo_boil,1.0
IDeioFIPOnDoo_pan,1.290369056050622e-08
IDemRFx0toPvzm2o_boil,1.0
IDemRFx0toPvzm2o_pan,1.2903862867119642e-08
IDeqaCjERp_boil,0.007938203401863575
IDeqaCjERp_pan,0.9920618534088135
IDeqyrqqM_boil,0.007938270457088947
IDeqyrqqM_pan,0.9920617341995239
IDesLAt_boil,0.007938219234347343
IDesLAt_pan,0.9920618534088135
IDewOvHBc_boil,0.007938234135508537
IDewOvHBc_pan,0.9920617341995239
IDexcDeBzqKIP_boil,0.011359110474586487
IDexcDeBzqKIP_pan,0.9886409044265747
IDf4lC21rIcYDl84L_boil,1.0
IDf4lC21rIcYDl84L_pan,1.290369056050622e-08
IDf59QeKci_boil,1.0
IDf59QeKci_pan,1.2903739410319304e-08
IDfBp593KKcj_boil,0.007938256487250328
IDfBp593KKcj_pan,0.9920617341995239
IDfHB03By_boil,0.01204002182930708
IDfHB03By_pan,0.9879599809646606
IDfHtOTOCG2V3lc1_boil,0.007938207127153873
IDfHtOTOCG2V3lc1_pan,0.9920618534088135
IDfPVsEKkwHy_boil,0.00793824065476656
IDfPVsEKkwHy_pan,0.9920617341995239
IDfZiMG9FwcwX7f_boil,0.007938219234347343
IDfZiMG9FwcwX7f_pan,0.9920618534088135
IDfb1VygIPlC3A_boil,1.0
IDfb1VygIPlC3A_pan,1.2903739410319304e-08
IDfhtA2AH_boil,0.007938236929476261
IDfhtA2AH_pan,0.9920617341995239
IDfjjxFQEmkaKd_boil,0.007938225753605366
IDfjjxFQEmkaKd_pan,0.9920617341995239
IDfoh2BbM6k6Ltth1_boil,0.007938270457088947
IDfoh2BbM6k6Ltth1_pan,0.9920617341995239
IDfyqpN71oX5i_boil,0.007938203401863575
IDfyqpN71oX5i_pan,0.9920618534088135
IDg2f6R8YHKW10_boil,0.007938249036669731
IDg2f6R8YHKW10_pan,0.9920617341995239
IDgD25Jwes6_boil,0.007938249036669731
IDgD25Jwes6_pan,0.9920617341995239
IDgJwOwX7Gx_boil,0.007938270457088947
IDgJwOwX7Gx_pan,0.9920617341995239
IDgJwPTt_boil,1.0
IDgJwPTt_pan,1.2903739410319304e-08
IDgLRhwfNmN_boil,0.007938234135508537
IDgLRhwfNmN_pan,0.9920617341995239
IDgPMfQg_boil,0.007938181050121784
IDgPMfQg_pan,0.9920618534088135
IDgPUmJvPRcKt7h_boil,1.0
IDgPUmJvPRcKt7h_pan,1.290369056050622e-08
IDgRFe33jSDT_boil,0.00793824065476656
IDgRFe33jSDT_pan,0.9920617341995239
IDgRXG9MiR7hG5_boil,0.007938215509057045
IDgRXG9MiR7hG5_pan,0.9920618534088135
IDga0A3FC2yjKe_boil,0.00793824065476656
IDga0A3FC2yjKe_pan,0.9920617341995239
IDgics9_boil,0.007938188500702381
IDgics9_pan,0.9920618534088135
IDgjZNMt4Uv_boil,0.007938249036669731
IDgjZNMt4Uv_pan,0.9920617341995239
IDgnnxMl_boil,0.007938121445477009
IDgnnxMl_pan,0.9920618534088135
IDgvyifcLumNIo_boil,0.007938207127153873
IDgvyifcLumNIo_pan,0.9920618534088135
IDgx6TeI2nAOvv_boil,0.007938219234347343
IDgx6TeI2nAOvv_pan,0.9920618534088135
IDh0WT4tLPMow_boil,0.00793826300650835
IDh0WT4tLPMow_pan,0.9920617341995239
IDh3spvR6w2f_boil,0.007938215509057045
IDh3spvR6w2f_pan,0.9920618534088135
IDh7QpDXdppTnhXm7_boil,0.007938215509057045
IDh7QpDXdppTnhXm7_pan,0.9920618534088135
IDh8QdLyACM2oOTtM_boil,0.00793824065476656
IDh8QdLyACM2oOTtM_pan,0.9920617341995239
IDhFdm4g8b_boil,0.007938215509057045
IDhFdm4g8b_pan,0.9920618534088135
IDhGsx0Xy0kpScIH7_boil,1.0
IDhGsx0Xy0kpScIH7_pan,1.2903739410319304e-08
IDhHxnji3MiXO3n_boil,0.007938230410218239
IDhHxnji3MiXO3n_pan,0.9920617341995239
IDhNHoBofr_boil,0.007938188500702381
IDhNHoBofr_pan,0.9920618534088135
IDhQbMLoK_boil,0.011359077878296375
IDhQbMLoK_pan,0.9886409044265747
IDhnxCqQE_boil,0.007938215509057045
IDhnxCqQE_pan,0.9920618534088135
IDhpHJgx78k59U_boil,0.007938285358250141
IDhpHJgx78k59U_pan,0.9920617341995239
IDhpXhW3G8HNQ_boil,1.0
IDhpXhW3G8HNQ_pan,1.2903739410319304e-08
IDi0TPtB7Oxl_boil,1.0
IDi0TPtB7Oxl_pan,1.2903764279315055e-08
IDi3gpGmGzS_boil,0.007938236929476261
IDi3gpGmGzS_pan,0.9920617341995239
IDi4lmEl_boil,0.007938109338283539
IDi4lmEl_pan,0.9920618534088135
IDi7GbZBxQzhRSCa_boil,0.007938219234347343
IDi7GbZBxQzhRSCa_pan,0.9920618534088135
IDiCnbnsKP4VX_boil,0.007938256487250328
IDiCnbnsKP4VX_pan,0.9920617341995239
IDiHUEa7vw_boil,0.007938270457088947
IDiHUEa7vw_pan,0.9920617341995239
IDiK140_boil,0.007938245311379433
IDiK140_pan,0.9920617341995239
IDiK7pAHf8UkwO_boil,0.007938200607895851
IDiK7pAHf8UkwO_pan,0.9920618534088135
IDiN6w5_boil,0.007938211783766747
IDiN6w5_pan,0.9920618534088135
IDiR294r2KvPj_boil,0.007938278838992119
IDiR294r2KvPj_pan,0.9920617341995239
IDiTxlY6rJd01Gy0v_boil,0.007938196882605553
IDiTxlY6rJd01Gy0v_pan,0.9920618534088135
IDiYvYK16iU_boil,0.007938219234347343
IDiYvYK16iU_pan,0.9920618534088135
IDiZDQ2wZ_boil,1.0
IDiZDQ2wZ_pan,1.2903739410319304e-08
IDiegPLhfMs_boil,0.007938236929476261
IDiegPLhfMs_pan,0.9920617341995239
IDig9giw0C_boil,0.007938222959637642
IDig9giw0C_pan,0.9920618534088135
IDisV8b2_boil,0.007938230410218239
IDisV8b2_pan,0.9920617341995239
IDiuNxfVp1jl_boil,0.007938200607895851
IDiuNxfVp1jl_pan,0.9920618534088135
IDiuf5QgC_boil,0.007938236929476261
IDiuf5QgC_pan,0.9920617341995239
IDivSMJ1Md_boil,0.007938256487250328
IDivSMJ1Md_pan,0.9920617341995239
IDiyUFhRnXKXjtNx_boil,0.007938225753605366
IDiyUFhRnXKXjtNx_pan,0.9920617341995239
IDizGQwNSrYMftB_boil,0.007938203401863575
IDizGQwNSrYMftB_pan,0.9920618534088135
IDizu9pgTy_boil,0.00793826300650835
IDizu9pgTy_pan,0.9920617341995239
IDj2wByY7_boil,0.007938234135508537
IDj2wByY7_pan,0.9920617341995239
IDj7eB3fSQ8EoIzg_boil,0.007938230410218239
IDj7eB3fSQ8EoIzg_pan,0.9920617341995239
IDjAB4pmmuQQqJ_boil,0.007938225753605366
IDjAB4pmmuQQqJ_pan,0.9920617341995239
IDjBfEBujJL5qKavy_boil,1.0
IDjBfEBujJL5qKavy_pan,1.290369056050622e-08
IDjDA6UhZ7_boil,0.007938278838992119
IDjDA6UhZ7_pan,0.9920617341995239
IDjHOF5DWk8_boil,0.007938225753605366
IDjHOF5DWk8_pan,0.9920617341995239
IDjJU6cmInWFDUY_boil,1.0
IDjJU6cmInWFDUY_pan,1.2903764279315055e-08
IDjNKiAGj_boil,0.007938200607895851
IDjNKiAGj_pan,0.9920618534088135
IDjSTBtSYUX8Ll_boil,0.00793826300650835
IDjSTBtSYUX8Ll_pan,0.9920617341995239
IDjSgprAT12eK9Fn_boil,0.007938184775412083
IDjSgprAT12eK9Fn_pan,0.9920618534088135
IDjWpAQhi9vQ_boil,0.007938151247799397
IDjWpAQhi9vQ_pan,0.9920618534088135
IDjbuqqRCaT5e2v_boil,0.007938203401863575
IDjbuqqRCaT5e2v_pan,0.9920618534088135
IDjfs57M6E_boil,0.007938249036669731
IDjfs57M6E_pan,0.9920617341995239
IDjnAx1yQ_boil,1.0
IDjnAx1yQ_pan,1.2903814017306559e-08
IDjq8HgS_boil,0.007938225753605366
IDjq8HgS_pan,0.9920617341995239
IDjuqSPl_boil,0.00793824065476656
IDjuqSPl_pan,0.9920617341995239
IDjwe9PLDuZw_boil,1.0
IDjwe9PLDuZw_pan,1.2903714541323552e-08
IDkBIxi8xMKNQuExC_boil,0.007938203401863575
IDkBIxi8xMKNQuExC_pan,0.9920618534088135
IDkDplaVILHxX3_boil,0.007938249036669731
IDkDplaVILHxX3_pan,0.9920617341995239
IDkFTOjrT_boil,0.011359104886651039
IDkFTOjrT_pan,0.9886409044265747
IDkFY0j5_boil,0.007938285358250141
IDkFY0j5_pan,0.9920617341995239
IDkK808TgvSJIs_boil,0.00793824065476656
IDkK808TgvSJIs_pan,0.9920617341995239
IDkNkmmTt22Xb_boil,1.0
IDkNkmmTt22Xb_pan,1.2903739410319304e-08
IDkR1Xzw0DZ0_boil,0.007938293740153313
IDkR1Xzw0DZ0_pan,0.9920617341995239
IDkRQEoXmj6Cce_boil,0.007938259281218052
IDkRQEoXmj6Cce_pan,0.9920617341995239
IDkRSactfW_boil,0.007938236929476261
IDkRSactfW_pan,0.9920617341995239
IDkWH4hS5iviJ3s_boil,0.007938188500702381
IDkWH4hS5iviJ3s_pan,0.9920618534088135
IDkbKjqi7yTko5_boil,0.007938188500702381
IDkbKjqi7yTko5_pan,0.9920618534088135
IDkcvXX_boil,0.007938225753605366
IDkcvXX_pan,0.9920617341995239
IDkeSQz_boil,1.0
IDkeSQz_pan,1.290369056050622e-08
IDkiGw9TiTXsW6R_boil,1.0
IDkiGw9TiTXsW6R_pan,1.2903739410319304e-08
IDkjdTvFgeFJS_boil,1.0
IDkjdTvFgeFJS_pan,1.2903714541323552e-08
IDkjnOmI2j_boil,0.01135903038084507
IDkjnOmI2j_pan,0.9886410236358643
IDkoAD6EMa3fAafWy_boil,0.00793824065476656
IDkoAD6EMa3fAafWy_pan,0.9920617341995239
IDkr0bOGzItJ2NB_boil,0.007938211783766747
IDkr0bOGzItJ2NB_pan,0.9920618534088135
IDkrUclWabw5y80Dl_boil,0.007938196882605553
IDkrUclWabw5y80Dl_pan,0.9920618534088135
IDkrVt2VlhDn4_boil,1.0
IDkrVt2VlhDn4_pan,1.2903665691510469e-08
IDksZUMc3dXN_boil,0.007938249036669731
IDksZUMc3dXN_pan,0.9920617341995239
IDkwf3C5_boil,0.007938278838992119
IDkwf3C5_pan,0.9920617341995239
IDkwmB8HuVexEKyF_boil,0.01204005628824234
IDkwmB8HuVexEKyF_pan,0.9879599809646606
IDl1I6qKFB_boil,0.011359061114490032
IDl1I6qKFB_pan,0.9886409044265747
IDl2ikVSWYsIR4_boil,0.007938245311379433
IDl2ikVSWYsIR4_pan,0.9920617341995239
IDl61gpuwGuu2VBe6_boil,0.007938211783766747
IDl61gpuwGuu2VBe6_pan,0.9920618534088135
IDl8smcVY_boil,0.012039992958307266
IDl8smcVY_pan,0.9879599809646606
IDl8ztEn732s_boil,0.007938234135508537
IDl8ztEn732s_pan,0.9920617341995239
IDlCNybSlU_boil,0.012040050700306892
IDlCNybSlU_pan,0.9879599809646606
IDlDVXnnhQ_boil,0.007938270457088947
IDlDVXnnhQ_pan,0.9920617341995239
IDlHiU8WEhZh7qr6t_boil,0.007938270457088947
IDlHiU8WEhZh7qr6t_pan,0.9920617341995239
IDlKmmyiL_boil,0.00793824065476656
IDlKmmyiL_pan,0.9920617341995239
IDlPPpV6kQaB32S3V_boil,0.00793830119073391
IDlPPpV6kQaB32S3V_pan,0.9920617341995239
IDlUG5f_boil,1.0
IDlUG5f_pan,1.2903764279315055e-08
IDlebSazeuALRHXt_boil,0.00793826300650835
IDlebSazeuALRHXt_pan,0.9920617341995239
IDllJl34XIaiBwe0_boil,0.007938211783766747
IDllJl34XIaiBwe0_pan,0.9920618534088135
IDlt4mIpDekp_boil,0.007938203401863575
IDlt4mIpDekp_pan,0.9920618534088135
IDlvz0GPH0C_boil,0.007938177324831486
IDlvz0GPH0C_pan,0.9920618534088135
IDlyqsitfBaR6Ru2_boil,0.007938234135508537
IDlyqsitfBaR6Ru2_pan,0.9920617341995239
IDlz4WyHQB_boil,1.0
IDlz4WyHQB_pan,1.2903739410319304e-08
IDm1Clr2P_boil,0.01204002182930708
IDm1Clr2P_pan,0.9879599809646606
IDm2mR13_boil,0.007938215509057045
IDm2mR13_pan,0.9920618534088135
IDm5GhcKr5rQdFl_boil,1.0
IDm5GhcKr5rQdFl_pan,1.2903788260132387e-08
IDm75Ep_boil,1.0
IDm75Ep_pan,1.2903714541323552e-08
IDmFbhcwad_boil,0.007938200607895851
IDmFbhcwad_pan,0.9920618534088135
IDmG8Bpodi_boil,0.007938211783766747
IDmG8Bpodi_pan,0.9920618534088135
IDmGnaPs8o_boil,1.0
IDmGnaPs8o_pan,1.2903788260132387e-08
IDmPXoiaTL4S7Uo_boil,0.007938225753605366
IDmPXoiaTL4S7Uo_pan,0.9920617341995239
IDmPwMU1ne_boil,0.00793826300650835
IDmPwMU1ne_pan,0.9920617341995239
IDmT12RqHPlDRT_boil,0.007938245311379433
IDmT12RqHPlDRT_pan,0.9920617341995239
IDmXAQPZ9rnW_boil,0.007938270457088947
IDmXAQPZ9rnW_pan,0.9920617341995239
IDmYwz0cS1lm2C_boil,0.007938188500702381
IDmYwz0cS1lm2C_pan,0.9920618534088135
IDmeBiNPwUvvwlCl_boil,1.0
IDmeBiNPwUvvwlCl_pan,1.2903739410319304e-08
IDmj8aYANCdJ2GtkD_boil,0.007938219234347343
IDmj8aYANCdJ2GtkD_pan,0.9920618534088135
IDmjXZht_boil,0.011359116062521935
IDmjXZht_pan,0.9886409044265747
IDmjgW5VMiKo_boil,0.007938234135508537
IDmjgW5VMiKo_pan,0.9920617341995239
IDn2CgM4hNLqd_boil,0.007938222959637642
IDn2CgM4hNLqd_pan,0.9920618534088135
IDn33hkv9l_boil,0.007938207127153873
IDn33hkv9l_pan,0.9920618534088135
IDn5IY27NFFHWtbC_boil,0.007938222959637642
IDn5IY27NFFHWtbC_pan,0.9920618534088135
IDn5mFxsP_boil,0.007938234135508537
IDn5mFxsP_pan,0.9920617341995239
IDn6oUE_boil,0.007938211783766747
IDn6oUE_pan,0.9920618534088135
IDnEua1Or7Ea2EINQ_boil,1.0
IDnEua1Or7Ea2EINQ_pan,1.2903862867119642e-08
IDnNy14r_boil,0.012039998546242714
IDnNy14r_pan,0.9879599809646606
IDnO18dr_boil,0.00793824065476656
IDnO18dr_pan,0.9920617341995239
IDnSfoanh9W2wgV_boil,0.007938215509057045
IDnSfoanh9W2wgV_pan,0.9920618534088135
IDnWyBZSLNDnlmxj_boil,0.007938211783766747
IDnWyBZSLNDnlmxj_pan,0.9920618534088135
IDnXhqiW_boil,0.011359057389199734
IDnXhqiW_pan,0.9886410236358643
IDnYZYFu_boil,0.00793819222599268
IDnYZYFu_pan,0.9920618534088135
IDnaWRsMQ_boil,0.007938196882605553
IDnaWRsMQ_pan,0.9920618534088135
IDncjqKv_boil,0.007938196882605553
IDncjqKv_pan,0.9920618534088135
IDncyMJ6CPUKk_boil,0.007938215509057045
IDncyMJ6CPUKk_pan,0.9920618534088135
IDndqKV82N_boil,0.012040050700306892
IDndqKV82N_pan,0.9879599809646606
IDngO4Ulgq5pnLHyb_boil,0.007938249036669731
IDngO4Ulgq5pnLHyb_pan,0.9920617341995239
IDnh2KF2Y_boil,0.007938215509057045
IDnh2KF2Y_pan,0.9920618534088135
IDniOjLPvzs4ytFgi_boil,0.007938188500702381
IDniOjLPvzs4ytFgi_pan,0.9920618534088135
IDnlEQJK_boil,0.007938249036669731
IDnlEQJK_pan,0.9920617341995239
IDnqfrwYbKTt_boil,0.007938222959637642
IDnqfrwYbKTt_pan,0.9920618534088135
IDnwNUem9Lc_boil,0.007938200607895851
IDnwNUem9Lc_pan,0.9920618534088135
IDo38dQX13m0q_boil,0.007938211783766747
IDo38dQX13m0q_pan,0.9920618534088135
IDo7Dlz_boil,0.007938251830637455
IDo7Dlz_pan,0.9920617341995239
IDo9UjDh2nmQODo_boil,0.007938219234347343
IDo9UjDh2nmQODo_pan,0.9920618534088135
IDoKiyQLKiT02dzF_boil,1.0
IDoKiyQLKiT02dzF_pan,1.290383799812389e-08
IDoMidCAbjZbARW_boil,0.007938219234347343
IDoMidCAbjZbARW_pan,0.9920618534088135
IDoNfFQdR7kT3_boil,1.0
IDoNfFQdR7kT3_pan,1.2903739410319304e-08
IDodmUfHR7xxgl_boil,1.0
IDodmUfHR7xxgl_pan,1.2903739410319304e-08
IDoeprI4i7_boil,0.007938207127153873
IDoeprI4i7_pan,0.9920618534088135
IDof7ipdYhr7B4_boil,0.007938256487250328
IDof7ipdYhr7B4_pan,0.9920617341995239
IDog3Zjaxi356_boil,0.007938256487250328
IDog3Zjaxi356_pan,0.9920617341995239
IDogkgKM0_boil,0.007938251830637455
IDogkgKM0_pan,0.9920617341995239
IDokxhXnYglKRho_boil,0.007938219234347343
IDokxhXnYglKRho_pan,0.9920618534088135
IDomKWNFwF_boil,0.007938211783766747
IDomKWNFwF_pan,0.9920618534088135
IDonT4uve3VKo_boil,1.0
IDonT4uve3VKo_pan,1.2903788260132387e-08
IDot2RX8dhbLfVZme_boil,0.00793824065476656
IDot2RX8dhbLfVZme_pan,0.9920617341995239
IDoubUTGdnbB_boil,0.007938222959637642
IDoubUTGdnbB_pan,0.9920618534088135
IDovCoyJvE9W_boil,0.007938219234347343
IDovCoyJvE9W_pan,0.9920618534088135
IDovJ5m9zj_boil,0.00793826300650835
IDovJ5m9zj_pan,0.9920617341995239
IDoz2zD8XP_boil,0.007938225753605366
IDoz2zD8XP_pan,0.9920617341995239
IDp2IAyunhJ_boil,0.007938251830637455
IDp2IAyunhJ_pan,0.9920617341995239
IDpKzs7hl_boil,0.007938196882605553
IDpKzs7hl_pan,0.9920618534088135
IDpLyja1aF6CAA_boil,0.007938256487250328
IDpLyja1aF6CAA_pan,0.9920617341995239
IDpOK6sc_boil,0.00793826300650835
IDpOK6sc_pan,0.9920617341995239
IDpQmHg4GI9_boil,1.0
IDpQmHg4GI9_pan,1.2903739410319304e-08
IDpTqTtN0_boil,0.007938267663121223
IDpTqTtN0_pan,0.9920617341995239
IDpWNz608Xu5Bhe_boil,0.012040038593113422
IDpWNz608Xu5Bhe_pan,0.9879599809646606
IDpcR3Ok9zung_boil,1.0
IDpcR3Ok9zung_pan,1.2903714541323552e-08
IDpdezTssxgSS_boil,0.007938211783766747
IDpdezTssxgSS_pan,0.9920618534088135
IDpe0w43fk_boil,0.007938249036669731
IDpe0w43fk_pan,0.9920617341995239
IDpeHIv8z6InmL_boil,0.007938215509057045
IDpeHIv8z6InmL_pan,0.9920618534088135
IDpgSpoSaUcis39Xg_boil,0.00793824065476656
IDpgSpoSaUcis39Xg_pan,0.9920617341995239
IDplaqa9cLUs2_boil,0.007938181050121784
IDplaqa9cLUs2_pan,0.9920618534088135
IDpoXR2waDWRxllsK_boil,0.007938196882605553
IDpoXR2waDWRxllsK_pan,0.9920618534088135
IDps9Rlw8KY2K_boil,0.007938225753605366
IDps9Rlw8KY2K_pan,0.9920617341995239
IDq4LBIjKt_boil,0.007938215509057045
IDq4LBIjKt_pan,0.9920618534088135
IDq6TzWIY4_boil,0.007938219234347343
IDq6TzWIY4_pan,0.9920618534088135
IDqAxxQNgi3mxXDoY_boil,0.007938225753605366
IDqAxxQNgi3mxXDoY_pan,0.9920617341995239
IDqCnyk_boil,1.0
IDqCnyk_pan,1.2903764279315055e-08
IDqJpOqa43sY_boil,0.007938234135508537
IDqJpOqa43sY_pan,0.9920617341995239
IDqPsj0d6Uk_boil,1.0
IDqPsj0d6Uk_pan,1.290369056050622e-08
IDqVdXvjl5nREwaqd_boil,0.007938230410218239
IDqVdXvjl5nREwaqd_pan,0.9920617341995239
IDqi82j3pYZtHf_boil,0.007938230410218239
IDqi82j3pYZtHf_pan,0.9920617341995239
IDqlB8az1Dzy_boil,0.007938211783766747
IDqlB8az1Dzy_pan,0.9920618534088135
IDqrBREUcyQVN6_boil,0.007938225753605366
IDqrBREUcyQVN6_pan,0.9920617341995239
IDqte9ODA3_boil,0.00793824065476656
IDqte9ODA3_pan,0.9920617341995239
IDquL1eDUAbvl9x_boil,0.007938245311379433
IDquL1eDUAbvl9x_pan,0.9920617341995239
IDqzg0Q8ufL_boil,1.0
IDqzg0Q8ufL_pan,1.2903788260132387e-08
IDrFe0DG7Sq_boil,0.007938203401863575
IDrFe0DG7Sq_pan,0.9920618534088135
IDrJ07pYMJ_boil,0.007938211783766747
IDrJ07pYMJ_pan,0.9920618534088135
IDrKuQz_boil,0.00793824065476656
IDrKuQz_pan,0.9920617341995239
IDrKyYa_boil,0.007938230410218239
IDrKyYa_pan,0.9920617341995239
IDrY7xUZlsUqma_boil,0.007938245311379433
IDrY7xUZlsUqma_pan,0.9920617341995239
IDrdBKQeJgjPqGU_boil,0.007938270457088947
IDrdBKQeJgjPqGU_pan,0.9920617341995239
IDrfHCgwUhha_boil,0.007938219234347343
IDrfHCgwUhha_pan,0.9920618534088135
IDrfMCvagRMZph_boil,1.0
IDrfMCvagRMZph_pan,1.2903714541323552e-08
IDrmKjJKrAPg_boil,0.007938256487250328
IDrmKjJKrAPg_pan,0.9920617341995239
IDroDx6fYoq6_boil,1.0
IDroDx6fYoq6_pan,1.2903739410319304e-08
IDrtwWXmGTj47hHQR_boil,0.012039992958307266
IDrtwWXmGTj47hHQR_pan,0.9879599809646606
IDruHXPQ75ja5Lj_boil,1.0
IDruHXPQ75ja5Lj_pan,1.2903640822514717e-08
IDruqqh_boil,0.007938256487250328
IDruqqh_pan,0.9920617341995239
IDry34Mbivkc1VSmC_boil,0.007938256487250328
IDry34Mbivkc1VSmC_pan,0.9920617341995239
IDs37X1kP0rT9d0_boil,0.007938211783766747
IDs37X1kP0rT9d0_pan,0.9920618534088135
IDsHwcUOeDzSQak1N_boil,0.00793824065476656
IDsHwcUOeDzSQak1N_pan,0.9920617341995239
IDsOG08y9eUAxy3Up_boil,1.0
IDsOG08y9eUAxy3Up_pan,1.2903911716932726e-08
IDsOQBT_boil,0.007938219234347343
IDsOQBT_pan,0.9920618534088135
IDsPOUaO8brlYyh7_boil,1.0
IDsPOUaO8brlYyh7_pan,1.2903814017306559e-08
IDsPQJcM_boil,1.0
IDsPQJcM_pan,1.2903739410319304e-08
IDsSH8MJw1Zl8_boil,0.007938245311379433
IDsSH8MJw1Zl8_pan,0.9920617341995239
IDsTtStw7ClL51_boil,0.00793824065476656
IDsTtStw7ClL51_pan,0.9920617341995239
IDsXAXorCas_boil,0.007938245311379433
IDsXAXorCas_pan,0.9920617341995239
IDsbKXtH_boil,1.0
IDsbKXtH_pan,1.2903814017306559e-08
IDseuaqNRzBApqZNm_boil,0.007938236929476261
IDseuaqNRzBApqZNm_pan,0.9920617341995239
IDsgW6kr_boil,0.007938256487250328
IDsgW6kr_pan,0.9920617341995239
IDsgnmVUs0vwoFXf_boil,0.007938222959637642
IDsgnmVUs0vwoFXf_pan,0.9920618534088135
IDsjlzeZwt9OX7Ds_boil,0.007938293740153313
IDsjlzeZwt9OX7Ds_pan,0.9920617341995239
IDslthhJ74Nr_boil,1.0
IDslthhJ74Nr_pan,1.2903739410319304e-08
IDsmmlszwrIOa1ec_boil,0.007938203401863575
IDsmmlszwrIOa1ec_pan,0.9920618534088135
IDsyJNYUX7D9OkH_boil,1.0
IDsyJNYUX7D9OkH_pan,1.2903788260132387e-08
IDt5XJLCs_boil,0.007938256487250328
IDt5XJLCs_pan,0.9920617341995239
IDt5qy4XFg_boil,0.007938282564282417
IDt5qy4XFg_pan,0.9920617341995239
IDt9NAZB4bhgjmwz1_boil,0.007938234135508537
IDt9NAZB4bhgjmwz1_pan,0.9920617341995239
IDtESOKL97_boil,0.00793824065476656
IDtESOKL97_pan,0.9920617341995239
IDtFRvV3lnBOA0P_boil,0.007938225753605366
IDtFRvV3lnBOA0P_pan,0.9920617341995239
IDtRRMK6asXG_boil,0.007938256487250328
IDtRRMK6asXG_pan,0.9920617341995239
IDtRgU8DbJ_boil,0.007938256487250328
IDtRgU8DbJ_pan,0.9920617341995239
IDtTr5u_boil,0.007938203401863575
IDtTr5u_pan,0.9920618534088135
IDtUoEWg_boil,0.007938211783766747
IDtUoEWg_pan,0.9920618534088135
IDtakR7C1qgA_boil,0.00793824065476656
IDtakR7C1qgA_pan,0.9920617341995239
IDtbZygS7RxcwPmP_boil,0.007938211783766747
IDtbZygS7RxcwPmP_pan,0.9920618534088135
IDtcuISza4_boil,0.007938251830637455
IDtcuISza4_pan,0.9920617341995239
IDtcx4gHjGwzbWp_boil,0.007938251830637455
IDtcx4gHjGwzbWp_pan,0.9920617341995239
IDtjn7KaQcbEKXt9u_boil,0.007938290014863014
IDtjn7KaQcbEKXt9u_pan,0.9920617341995239
IDtnUUnsodeC_boil,0.007938225753605366
IDtnUUnsodeC_pan,0.9920617341995239
IDtoYiaG_boil,0.007938222959637642
IDtoYiaG_pan,0.9920618534088135
IDtpNh9KyjpR0_boil,0.007938207127153873
IDtpNh9KyjpR0_pan,0.9920618534088135
IDtrSK1WRpFHFQYra_boil,1.0
IDtrSK1WRpFHFQYra_pan,1.2903739410319304e-08
IDtwTuBNbQ0_boil,0.007938270457088947
IDtwTuBNbQ0_pan,0.9920617341995239
IDu1Doy9xRI3UQB_boil,0.007938219234347343
IDu1Doy9xRI3UQB_pan,0.9920618534088135
IDu5apnxKa5LUJ_boil,0.007938211783766747
IDu5apnxKa5LUJ_pan,0.9920618534088135
IDuAmrQZ_boil,1.0
IDuAmrQZ_pan,1.2903788260132387e-08
IDuBDefo_boil,0.007938157767057419
IDuBDefo_pan,0.9920618534088135
IDuE3lVYzp6vS_boil,0.007938249036669731
IDuE3lVYzp6vS_pan,0.9920617341995239
IDuIJHHYU_boil,0.007938211783766747
IDuIJHHYU_pan,0.9920618534088135
IDuMKMRjWVF_boil,0.01135903038084507
IDuMKMRjWVF_pan,0.9886410236358643
IDuMU6XX2F7zG_boil,0.007938203401863575
IDuMU6XX2F7zG_pan,0.9920618534088135
IDuOJrUhVIu_boil,0.007938181050121784
IDuOJrUhVIu_pan,0.9920618534088135
IDuPnautavhQhmIN_boil,0.007938234135508537
IDuPnautavhQhmIN_pan,0.9920617341995239
IDuSLpWVGBQg_boil,0.007938249036669731
IDuSLpWVGBQg_pan,0.9920617341995239
IDuTizVfqBVcUdaQg_boil,1.0
IDuTizVfqBVcUdaQg_pan,1.2903886847936974e-08
IDuWApNgxoWyh5p_boil,0.007938196882605553
IDuWApNgxoWyh5p_pan,0.9920618534088135
IDuYsQ8_boil,0.007938274182379246
IDuYsQ8_pan,0.9920617341995239
IDubMwUvv_boil,1.0
IDubMwUvv_pan,1.2903862867119642e-08
IDugkYt74t_boil,0.007938259281218052
IDugkYt74t_pan,0.9920617341995239
IDujIui6sIYl9wU_boil,0.012040100060403347
IDujIui6sIYl9wU_pan,0.9879598617553711
IDuqP8cwcNZzUXc9a_boil,1.0
IDuqP8cwcNZzUXc9a_pan,1.2903640822514717e-08
IDuxALuxH_boil,0.007938188500702381
IDuxALuxH_pan,0.9920618534088135
IDuzsyPCato_boil,1.0
IDuzsyPCato_pan,1.2903739410319304e-08
IDv0MLeS_boil,1.0
IDv0MLeS_pan,1.290383799812389e-08
IDv2iUPs_boil,0.007938234135508537
IDv2iUPs_pan,0.9920617341995239
IDv5yvVvMdGcZoq_boil,0.007938219234347343
IDv5yvVvMdGcZoq_pan,0.9920618534088135
IDv8L46KoW1_boil,0.007938256487250328
IDv8L46KoW1_pan,0.9920617341995239
IDvD3ah6UFeumHaW_boil,0.007938225753605366
IDvD3ah6UFeumHaW_pan,0.9920617341995239
IDvDkajmUTfaoqS1f_boil,0.007938225753605366
IDvDkajmUTfaoqS1f_pan,0.9920617341995239
IDvDqkERR5_boil,0.00793826300650835
IDvDqkERR5_pan,0.9920617341995239
IDvWcYOdHhh6t_boil,0.007938203401863575
IDvWcYOdHhh6t_pan,0.9920618534088135
IDvcXA2_boil,1.0
IDvcXA2_pan,1.290369056050622e-08
IDviDlOC_boil,0.007938168942928314
IDviDlOC_pan,0.9920618534088135
IDvu0zyIF5_boil,0.007938234135508537
IDvu0zyIF5_pan,0.9920617341995239
IDw64ahr3rCeG8mJ_boil,0.007938225753605366
IDw64ahr3rCeG8mJ_pan,0.9920617341995239
IDw8doIcZGJug_boil,0.007938203401863575
IDw8doIcZGJug_pan,0.9920618534088135
IDw8eqqoKuA6_boil,0.01135904062539339
IDw8eqqoKuA6_pan,0.9886410236358643
IDwAWAeun_boil,0.007938249036669731
IDwAWAeun_pan,0.9920617341995239
IDwAYxFYx_boil,0.00793824065476656
IDwAYxFYx_pan,0.9920617341995239
IDwGmhdt_boil,0.007938225753605366
IDwGmhdt_pan,0.9920617341995239
IDwJjSriTt_boil,0.007938274182379246
IDwJjSriTt_pan,0.9920617341995239
IDwL79L_boil,0.007938219234347343
IDwL79L_pan,0.9920618534088135
IDwLlDqz1hl4XB_boil,0.007938211783766747
IDwLlDqz1hl4XB_pan,0.9920618534088135
IDwTNMfwHMw_boil,0.00793824065476656
IDwTNMfwHMw_pan,0.9920617341995239
IDwTTlnsWZ_boil,1.0
IDwTTlnsWZ_pan,1.290369056050622e-08
IDwXxrkwHO9_boil,0.011359046213328838
IDwXxrkwHO9_pan,0.9886410236358643
IDwezmbqdK3Txzgkv_boil,0.00793816614896059
IDwezmbqdK3Txzgkv_pan,0.9920618534088135
IDwllD9A92BT_boil,0.007938249036669731
IDwllD9A92BT_pan,0.9920617341995239
IDwnEywobzfSF_boil,0.007938203401863575
IDwnEywobzfSF_pan,0.9920618534088135
IDwrfKFijXJOT4K3t_boil,0.007938219234347343
IDwrfKFijXJOT4K3t_pan,0.9920618534088135
IDwrgxs_boil,0.007938245311379433
IDwrgxs_pan,0.9920617341995239
IDwuY9I_boil,0.007938278838992119
IDwuY9I_pan,0.9920617341995239
IDwwBEl_boil,0.007938256487250328
IDwwBEl_pan,0.9920617341995239
IDx0knuD_boil,0.007938196882605553
IDx0knuD_pan,0.9920618534088135
IDx1Q3Dy_boil,0.007938211783766747
IDx1Q3Dy_pan,0.9920618534088135
IDx3BSD4_boil,1.0
IDx3BSD4_pan,1.290369056050622e-08
IDx3Jo0nyWr_boil,0.00793826300650835
IDx3Jo0nyWr_pan,0.9920617341995239
IDx54u9_boil,0.007938297465443611
IDx54u9_pan,0.9920617341995239
IDx6VR7Aqn_boil,0.007938211783766747
IDx6VR7Aqn_pan,0.9920618534088135
IDx8F7lZ_boil,0.007938236929476261
IDx8F7lZ_pan,0.9920617341995239
IDxBKKeI_boil,0.007938234135508537
IDxBKKeI_pan,0.9920617341995239
IDxPHUCd5_boil,0.00793824065476656
IDxPHUCd5_pan,0.9920617341995239
IDxRhnqF1Gny_boil,0.00793826300650835
IDxRhnqF1Gny_pan,0.9920617341995239
IDxV8KHXF2a_boil,1.0
IDxV8KHXF2a_pan,1.290383799812389e-08
IDxVKj8_boil,0.007938219234347343
IDxVKj8_pan,0.9920618534088135
IDxb8tv_boil,0.00793819222599268
IDxb8tv_pan,0.9920618534088135
IDxcofPbgNGrDm_boil,0.007938215509057045
IDxcofPbgNGrDm_pan,0.9920618534088135
IDxdGnfAY_boil,0.007938270457088947
IDxdGnfAY_pan,0.9920617341995239
IDxdKpWTNUTbF_boil,1.0
IDxdKpWTNUTbF_pan,1.2903764279315055e-08
IDxeIa6ntJnrvKT5r_boil,0.007938215509057045
IDxeIa6ntJnrvKT5r_pan,0.9920618534088135
IDxevoM3Jrb7Jwa_boil,0.007938234135508537
IDxevoM3Jrb7Jwa_pan,0.9920617341995239
IDxfDgXSHLsiB_boil,0.007938249036669731
IDxfDgXSHLsiB_pan,0.9920617341995239
IDxgl9vWdiH4YwNhw_boil,0.007938234135508537
IDxgl9vWdiH4YwNhw_pan,0.9920617341995239
IDxihwnZti9brMNm_boil,0.007938219234347343
IDxihwnZti9brMNm_pan,0.9920618534088135
IDxv1ivHIDso_boil,0.00793831329792738
IDxv1ivHIDso_pan,0.9920617341995239
IDxvrnK7mcPXL_boil,0.007938219234347343
IDxvrnK7mcPXL_pan,0.9920618534088135
IDy3Anv_boil,1.0
IDy3Anv_pan,1.2903739410319304e-08
IDy76X7S3yPKbU_boil,0.007938270457088947
IDy76X7S3yPKbU_pan,0.9920617341995239
IDy7QEH4rL_boil,1.0
IDy7QEH4rL_pan,1.2903788260132387e-08
IDyCqgUKS_boil,0.00793816614896059
IDyCqgUKS_pan,0.9920618534088135
IDyEOFMbgKX5lov_boil,0.007938234135508537
IDyEOFMbgKX5lov_pan,0.9920617341995239
IDyF0v6h81XdMGz_boil,0.00793824065476656
IDyF0v6h81XdMGz_pan,0.9920617341995239
IDyFpWqCHd3_boil,0.011359061114490032
IDyFpWqCHd3_pan,0.9886409044265747
IDyK1PR3r_boil,0.011359077878296375
IDyK1PR3r_pan,0.9886409044265747
IDyNgXEZa_boil,1.0
IDyNgXEZa_pan,1.290369056050622e-08
IDyTaBNkOUd_boil,0.011359057389199734
IDyTaBNkOUd_pan,0.9886410236358643
IDyVYj2_boil,0.007938245311379433
IDyVYj2_pan,0.9920617341995239
IDyWBUJ3eBmmh_boil,1.0
IDyWBUJ3eBmmh_pan,1.2903714541323552e-08
IDyYcRt53qPvX3mv_boil,0.007938219234347343
IDyYcRt53qPvX3mv_pan,0.9920618534088135
IDyiPO4bTQK_boil,0.007938249036669731
IDyiPO4bTQK_pan,0.9920617341995239
IDytK70vdBWYDY9Z_boil,0.007938211783766747
IDytK70vdBWYDY9Z_pan,0.9920618534088135
IDz0K73_boil,0.007938225753605366
IDz0K73_pan,0.9920617341995239
IDz0qz2WUx_boil,0.007938225753605366
IDz0qz2WUx_pan,0.9920617341995239
IDz2Li9rj3FGSs93_boil,0.007938215509057045
IDz2Li9rj3FGSs93_pan,0.9920618534088135
IDz4wyathUaafzF1_boil,1.0
IDz4wyathUaafzF1_pan,1.2903739410319304e-08
IDzBxVmIHZoneo_boil,0.01135905273258686
IDzBxVmIHZoneo_pan,0.9886410236358643
IDzByhJxOeg4d7vk_boil,0.007938219234347343
IDzByhJxOeg4d7vk_pan,0.9920618534088135
IDzPlfj_boil,0.007938211783766747
IDzPlfj_pan,0.9920618534088135
IDzQUjsuQbZiUAP6s_boil,1.0
IDzQUjsuQbZiUAP6s_pan,1.290369056050622e-08
IDzTVBo_boil,0.007938211783766747
IDzTVBo_pan,0.9920618534088135
IDzU8hWyVLYH7kE35_boil,0.007938274182379246
IDzU8hWyVLYH7kE35_pan,0.9920617341995239
IDzVVQ1i6SfsJVFX1_boil,0.007938256487250328
IDzVVQ1i6SfsJVFX1_pan,0.9920617341995239
IDzWC4a8XJ5yB7JV6_boil,0.007938219234347343
IDzWC4a8XJ5yB7JV6_pan,0.9920618534088135
IDzdqMimk7v_boil,1.0
IDzdqMimk7v_pan,1.2903739410319304e-08
IDzhpdPHeGHlmWEIx_boil,0.007938234135508537
IDzhpdPHeGHlmWEIx_pan,0.9920617341995239
IDztljx_boil,0.007938215509057045
IDztljx_pan,0.9920618534088135
IDzwPcyO0e_boil,1.0
IDzwPcyO0e_pan,1.290383799812389e-08
IDzzNegz_boil,0.007938230410218239
IDzzNegz_pan,0.9920617341995239
IDzzZcEYNVZMCk_boil,0.007938196882605553
IDzzZcEYNVZMCk_pan,0.9920618534088135
